,house_id,name,price,description,url
0,2022000,锦洲大酒店(广州越秀公园地铁站店),498,"解放北路899号锦洲国际商务中心2楼202Y室,距广州博物馆0.5公里",image/nw_S5EBSSMDkI.jpg
1,2022001,全季酒店(广州越秀公园店),744,"解放北路960号越天大厦,距广州博物馆0.4公里",image/nw_000h9zcV.jpg
2,2022002,逸米酒店(广州越秀公园店),146,"环市中路268号陶瓷大厦东座(近火车站),距广州博物馆0.6公里",image/nw_THRUZ8Zqtq.jpg
3,2022003,广州美遇优品酒店,498,"解放北路899号锦洲国际商务中心1楼,距广州博物馆0.5公里",image/nw_ULPQsgGDE4.jpg
4,2022004,广州中国大酒店,616,"流花路122号,距广州博物馆0.6公里",image/nw_000gWnO5.jpg
5,2022005,逸米酒店(广州越秀公园北门店),192,"广州市越秀区环市中路203号恒生大厦A座,距广州博物馆1公里",image/nw_JUm4II9lzW.jpg
6,2022006,广州东方宾馆,564,"流花路120号,距广州博物馆0.7公里",image/nw_0004T42L.jpg
7,2022007,宜尚酒店(广州火车站越秀公园地铁站店),393,"盘福路79号倾城大厦,距广州博物馆0.5公里",image/nw_000fqpDL.jpg
8,2022008,维也纳酒店(广州火车站小北地铁站店),236,"童心路8号,距广州博物馆1公里",image/nw_000g6X24.jpg
9,2022009,广州天秀宾馆,151,"环市中路300号(天秀大厦),距广州博物馆0.9公里",image/nw_000duUpv.jpg
10,2022010,丽微舍酒店(广州上下九步行街店),196,"大德路118号5-8楼,距石室圣心大教堂0.4公里",image/nw_WfhUgpCuje.jpg
11,2022011,朗诗寓(广州海珠广场北京路步行街店),258,"解放南路151号,距石室圣心大教堂0.4公里",image/nw_Gs1Z4N37Qk.jpg
12,2022012,广州濠畔酒店,188,"海珠南路276号(濠畔商厦首层),距石室圣心大教堂0.4公里",image/nw_K8L1hq0hz2.jpg
13,2022013,优优国际酒店公寓(广州沿江民间金融店),178,"长堤大马路316号民间金融大厦东大堂6楼优优前台,距石室圣心大教堂0.4公里",image/nw_000gJn9i.jpg
14,2022014,上苑连锁酒店(广州上下九店),184,"海珠南路203号,距石室圣心大教堂0.4公里",image/nw_0008tpak.jpg
15,2022015,广东大酒店,178,"长堤大马路294号,距石室圣心大教堂0.4公里",image/nw_000dmgx8.jpg
16,2022016,维福顿酒店公寓(广州中庸金寓店),430,"长堤大马路99号中庸金寓807房,距石室圣心大教堂0.5公里",image/nw_000c8eGq.jpg
17,2022017,民间金融维福顿公寓(广州海珠广场地铁站店),310,"长堤大马路316号民间金融大厦6楼维福顿前台,距石室圣心大教堂0.4公里",image/nw_SzBaNEHreE.jpg
18,2022018,逸米公寓(广州一德路地铁站店),131,"海珠南路241号,距石室圣心大教堂0.5公里",image/nw_000fSY54.jpg
19,2022019,恒东公寓(广州海珠广场店),340,"长堤大马路316号民间金融大厦东大堂6楼恒东前台,距石室圣心大教堂0.4公里",image/nw_JzNpEa1MEU.jpg
20,2022020,长隆酒店(广州长隆野生动物世界店),902,番禺大道长隆旅游度假区内,image/nw_Tf4OPGiize.jpg
21,2022021,长隆香江酒店(广州长隆野生动物世界店),487,大石105国道猛涌路段609号,image/nw_TH5lUqjata.jpg
22,2022022,麗枫酒店(广州番禺野生动物世界店),328,105国道大石段595号,image/nw_SOxTDXMEbC.jpg
23,2022023,朵尔曼国际酒店(广州南站店),140,钟屏岔道19号,image/nw_KMBk55eaWc.jpg
24,2022024,广州卓思道酒店,448,兴南大道398号广州雅居乐花园内,image/nw_LT3DzSXd5K.jpg
25,2022025,星期天酒店,93,105国道大石段237号,image/nw_Glvqqwq8Ni.jpg
26,2022026,广州斯维登服务公寓(洛溪地铁站渔人码头),198,北环路88号洛溪渔人码头F栋一楼斯维登前台,image/nw_000dJjuV.jpg
27,2022027,广州丛林大象公馆,418,汉溪大道东390号四海城商业广场2栋10楼,image/nw_M0jC2LGTrW.jpg
28,2022028,广州思铂瑞国际公寓,288,大石街植村工业三路3号2栋,image/nw_NnwaEPe0A8.jpg
29,2022029,柏曼酒店(广州汉溪长隆地铁站大石店),179,南大路136号金科广场,image/nw_000aJU7Q.jpg
30,2022030,广州远方的家公寓,418,"汉溪大道保利大都汇C4,距长隆欢乐世界0.5公里",image/nw_PoZVCjHVGo.jpg
31,2022031,广州珂珂美宿公寓(汉溪大道东分店),238,"广州番禺区汉溪大道东辅路,距长隆欢乐世界0.1公里",image/nw_MwsG1mokI8.jpg
32,2022032,拉美国际公寓(广州汉溪长隆地铁站店),301,"汉溪大道东290号保利大都汇B6栋107号,距长隆欢乐世界0.7公里",image/nw_000cMkjz.jpg
33,2022033,广州长隆家园公寓,208,"汉兴中路-道路7区(四号线地铁口),距长隆欢乐世界0.5公里",image/nw_Gmc3Sr8Rjy.jpg
34,2022034,麗枫酒店(广州大石地铁站动物园店),496,"大石街道新置路100号,距长隆欢乐世界1.9公里",image/nw_PeNahbi33W.jpg
35,2022035,雨晴公寓(广州汉溪长隆地铁站店),280,"汉溪大道保利大都汇B2栋3203房(办理入住),距长隆欢乐世界0.7公里",image/nw_000c9JzW.jpg
36,2022036,广州龙之泉水疗商务酒店,179,"中山大道东塘口南路1号(来来俱乐部后面),距黄埔军校旧址纪念馆2.3公里",image/nw_0007s4dn.jpg
37,2022037,海伦江南风艺术酒店(广州大学城店),264,"长洲岛金蝶路3号，广州大学城附近琶洲会展,距黄埔军校旧址纪念馆1.1公里",image/nw_000h4ZFI.jpg
38,2022038,迎商黄埔酒店(广州黄埔中山医院大沙地地铁站店),266,"黄埔大沙东路1-3号,距黄埔军校旧址纪念馆3公里",image/nw_TtVrYUoHV6.jpg
39,2022039,赛楠酒店(广州大沙地地铁站店),167,"大沙东路下沙北大楼40号,距黄埔军校旧址纪念馆3.2公里",image/nw_QLmVU6yp0c.jpg
40,2022040,山水时尚酒店(广州珠村店),228,"中山大道中1262号,距黄埔军校旧址纪念馆3公里",image/nw_000fpfGq.jpg
41,2022041,维也纳国际酒店(广州天河奥体东圃店),422,"中山大道中1059号,距黄埔军校旧址纪念馆3.4公里",image/nw_00057AE7.jpg
42,2022042,广州金沙湾宾馆,239,"大沙地东路6号(裕港大厦),距黄埔军校旧址纪念馆3公里",image/nw_MHc51SMgfu.jpg
43,2022043,广州东圃合景福朋喜来登酒店,758,"东圃汇彩路菁映路1号,距黄埔军校旧址纪念馆3公里",image/nw_OM0RTiAxpe.jpg
44,2022044,IU酒店(广州大沙地地铁站店),179,"港湾路263号(川力大厦),距黄埔军校旧址纪念馆2.8公里",image/nw_NuqLQb0CyY.jpg
45,2022045,怡莱酒店(广州东圃地铁站店),185,"黄埔大道东551号A座102,距黄埔军校旧址纪念馆3.6公里",image/nw_PBfrDZKQCY.jpg
46,2022046,广州悦海宾馆,368,"沙面大街35号,距沙面0.2公里",image/nw_0003wcme.jpg
47,2022047,广州白天鹅宾馆,843,"沙面南街1号,距沙面0.3公里",image/nw_FPKwMc8EbS.jpg
48,2022048,广东胜利宾馆,341,"沙面北街53号,距沙面0.2公里",image/nw_UMrVrzGMZW.jpg
49,2022049,锋·态度酒店(广州沙面店),326,"沙面二街8号、10号,距沙面0.2公里",image/nw_OGDvUiq35K.jpg
50,2022050,橘子服务式公寓(广州万科峯汇店),220,"同福西路199号万科峯汇A3栋702房,距沙面0.8公里",image/nw_LQSNsQFVuw.jpg
51,2022051,7天连锁酒店(广州黄沙地铁站沙面店),129,"黄沙大道3-5号,距沙面0.7公里",image/nw_MOQXQc7FaE.jpg
52,2022052,广州和平中青年旅舍,80,"和平中路98号,距沙面0.7公里",image/nw_PtXp0xtHH2.jpg
53,2022053,广东沙面宾馆,278,"沙面南街52号,距沙面0.1公里",image/nw_0007ryzw.jpg
54,2022054,铂卡伦国际公寓(广州燕岗地铁站店),257,"广纸路40号星汇海珠湾A5栋A12铺,距沙面4公里",image/nw_MWTXSXAFdC.jpg
55,2022055,广州粤心民宿,288,"十八甫南路21号,距沙面0.4公里",image/nw_MKqXwaz7aM.jpg
56,2022056,宜必思酒店(广州越秀公园地铁站店),479,"流花路117号流花展贸中心4号馆,距越秀公园0.4公里",image/nw_000gB3bK.jpg
57,2022057,桐舍酒店(广州火车站店),344,"环市西路202号,距越秀公园0.7公里",image/nw_T1TQameo5W.jpg
58,2022058,广州越秀宾馆,387,"小北路198号,距清晖园0.2公里",image/nw_0003vz8t.jpg
59,2022059,广州越秀宾馆(金钥匙楼层),465,"小北路198号(8-9楼),距清晖园0.2公里",image/nw_00057vta.jpg
60,2022060,广州越北宾馆,119,"广东省广州市越秀区小北路219号花苑大厦三楼,距清晖园0.2公里",image/nw_000gtse7.jpg
61,2022061,广东大厦,468,"东风中路309号,距清晖园0.5公里",image/nw_JdcVrtG0ne.jpg
62,2022062,广州希尔顿逸林酒店,1025,"东风路391号,距清晖园0.3公里",image/nw_000aOX51.jpg
63,2022063,莱卡酒店(广州环市东路店),279,"北较场横路14号物资大厦院内,距清晖园0.9公里",image/nw_TbUQFNOgdW.jpg
64,2022064,希岸酒店(广州烈士陵园地铁站店),296,"东风东路518号,距清晖园1公里",image/nw_000fPCfX.jpg
65,2022065,盛豪精选公寓(广州小北地铁站店),150,"北较场横路20号,距清晖园1公里",image/nw_GxmmiXR72w.jpg
66,2022066,园艺酒店公寓(广州客村合生广场店),282,"广州大道南叠景路225号,距广州塔广场2.5公里",image/nw_HLkTf9bYJi.jpg
67,2022067,博乐公寓(广州合生广场店),333,"广州大道南叠景路合生广场北区E栋804,距广州塔广场广州塔公里",image/nw_000grktH.jpg
68,2022068,IU酒店(广州中大北门广场店),157,"滨江东路29号,距广州塔广场3.2公里",image/nw_U1VL0Ipe2k.jpg
69,2022069,广州正佳广场万豪酒店,1574,"天河路228号,距广州塔广场2.9公里",image/nw_FWtLIwS33G.jpg
70,2022070,一休精品公寓(万达合生广场店),318,"广州大道南叠景路249号合生广场E栋22楼,距广州塔广场广州塔公里",image/nw_M16jPHhVaE.jpg
71,2022071,铂顿国际公寓(广州客村合生广场店),350,"广州大道南249号合生广场南区A栋1-24层,距广州塔广场2.6公里",image/nw_000euiXK.jpg
72,2022072,到啦精品主题酒店(广州中华广场店),89,"东华西路90号,距广州塔广场4.9公里",image/nw_0004WOhg.jpg
73,2022073,正佳金殿维福顿公寓(广州正佳广场店),483,"天河路228号正佳广场西门,距广州塔广场2.9公里",image/nw_ScdUD7aOPu.jpg
74,2022074,豆葵花宿公寓(广州东方都会广场店),728,"中山大道西192号东方都会广场B栋901房,距广州塔广场4.8公里",image/nw_QOh4xsyBKU.jpg
75,2022075,逸呈酒店公寓(广州正佳广场店),518,"天河路228号正佳金殿2709房,距广州塔广场2.9公里",image/nw_000haNk6.jpg
76,2022076,广州零贰零酒店,188,"长洲安新前街6号,距黄埔军校旧址纪念馆1.8公里",image/nw_LRLEovf7EY.jpg
77,2022077,悦庭精品公寓(广州纵横广场店),238,"新港中路456号纵横公寓,距广州塔广场1.3公里",image/nw_PVe4fHCYyQ.jpg
78,2022078,寓米欢聚公寓(广州合生广场店),308,"叠景路251号合生广场D栋一楼101,距广州塔广场2.5公里",image/nw_0009fw4x.jpg
79,2022079,广州刹那时光青年旅舍,43,"大石街道敏捷华美国际3栋,距广州长隆国际大马戏0.4公里",image/nw_VPvDfxacYE.jpg
80,2022080,其乐一家精品公寓(广州野生动物园北门店),176,"大石街道南大路敏捷华美国际6栋118铺,距广州长隆国际大马戏0.7公里",image/nw_RZul4BpBtu.jpg
81,2022081,广州菲梵酒店公寓,158,"大石街道植村工业四路54号敏捷华美国际8栋外围商铺107B铺,距广州长隆国际大马戏0.4公里",image/nw_IbRHtnISmA.jpg
82,2022082,广州正飞阳光亲子公寓,184,"大石街敏捷华美国际6栋129铺,距广州长隆国际大马戏0.6公里",image/nw_RyHT7tdAvC.jpg
83,2022083,静栖度假酒店(广州汉溪长隆地铁站店),138,"大石工业四路113号敏捷华美国际8栋商铺,距广州长隆国际大马戏0.4公里",image/nw_VLauMTYYgw.jpg
84,2022084,广州长隆熊猫酒店,824,"番禺大道长隆旅游度假区内,距广州长隆国际大马戏0.2公里",image/nw_RShUW3yWE8.jpg
85,2022085,帕菲主题公寓(广州番禺野生动物园店),151,"大石街道工业四路52号敏捷华美国际8栋107铺,距广州长隆国际大马戏0.5公里",image/nw_000cbuzy.jpg
86,2022086,星伦国际公寓(广州合生广场店),388,"广州大道南与叠景路交汇处合生广场B栋公寓楼首层,距广州塔广场2.7公里",image/nw_0009zdx8.jpg
87,2022087,如家酒店(广州中华广场店),167,"较场西路2号置地大厦五楼,距广州塔广场4.6公里",image/nw_000cFDkE.jpg
88,2022088,逸品宾阁酒店公寓(广州合生广场店),511,"叠景路160号合生广场B栋808室,距广州塔广场2.6公里",image/nw_000cWZ1F.jpg
89,2022089,遇家精品服务公寓(广州正佳广场店),599,"天河路228号正佳广场正佳金殿26楼,距广州塔广场2.9公里",image/nw_00091S4N.jpg
90,2022090,康萘儿酒店(广州团一大广场地铁站店),192,"广九大马路19号,距广州塔广场4.7公里",image/nw_NnwdgzapHi.jpg
91,2022091,逸米酒店(广州中华广场店),168,"东华西路86号丽华大厦西座,距广州塔广场5公里",image/nw_Sy8cPHqMQE.jpg
92,2022092,广州倾城居公寓(2号店),330,"倾城酒店(农村商业银行(盘福支行)隔壁),距越秀公园0.4公里",image/nw_LMexHfR6nK.jpg
93,2022093,广州世纪家园度假公寓,178,"大石街工业四路52号敏捷华美国际7座10楼1025室,距广州长隆国际大马戏0.3公里",image/nw_LRo1SwcmeA.jpg
94,2022094,易成主题公寓(广州汉溪长隆地铁站保利大都汇店),238,"汉溪大道东290保利大都汇B1-10商铺(工商银行旁),距长隆欢乐世界0.6公里",image/nw_0005yh8n.jpg
95,2022095,广州吾家公寓酒店,187,"新港东路2519号之七,距黄埔军校旧址纪念馆2.5公里",image/nw_FTTNd6Gpe8.jpg
96,2022096,凯盛酒店(广州钟村店),187,钟韵路64号,image/nw_RFfJ5kn7Ko.jpg
97,2022097,雅致酒店(珠江新城广州塔店),977,"临江大道395号,距广州塔1.2公里",image/nw_RUQeE0BTnW.jpg
98,2022098,广州一隅时光民宿,194,"广州塔地铁B出口(近琶洲会展中心),距广州塔0.3公里",image/nw_000cesdD.jpg
99,2022099,7天连锁酒店(广州客村地铁站广州塔店),326,"新市头路锦安苑小区100号-120号,距广州塔广州塔公里",image/nw_000cLCaL.jpg
100,2022100,广州珠江帝景青年旅舍,90,"华艺路艺苑路(近中信银行),距广州塔0.3公里",image/nw_Naq1JR6us0.jpg
101,2022101,广州lulu.zhen公寓(艺苑路分店),408,"广州海珠区阅江西路218号泊雅湾A8,距广州塔0.3公里",image/nw_LMz1eCWHjG.jpg
102,2022102,广州Art House公寓,166,"灏景街41号,距广州塔0.3公里",image/nw_HBjyTYsTO8.jpg
103,2022103,喜运服务公寓(广州珠江新城保利中达广场店),454,"珠江新城兴安路15号3号楼公寓天空别墅一楼,距广州塔1.2公里",image/nw_TYpybHcTde.jpg
104,2022104,广州塔骑士物语酒店,625,"新港中路375号,距广州塔1公里",image/nw_V7TfdCDV9C.jpg
105,2022105,广州富力丽思卡尔顿酒店,1439,"珠江新城兴安路3号,距广州塔1.1公里",image/nw_OIDohS5nxe.jpg
106,2022106,维福顿酒店公寓(广州珠江新城店),467,"兴安路15号保利中达广场3号楼天空别墅维福顿前台,距广州塔1.2公里",image/nw_VRSFjewc0g.jpg
107,2022107,速8酒店(广州火车站店),218,"站前横路22号,距越秀公园0.9公里",image/nw_0006p45A.jpg
108,2022108,佰合国际公寓(广州沿江路民间金融大厦店),211,"长堤大马路316号民间金融大厦1109房,距石室圣心大教堂0.4公里",image/nw_0006Wff1.jpg
109,2022109,广州乐曼泊酒店,256,迎宾路29号,image/nw_UfsUeDyroA.jpg
110,2022110,广州铂德酒店,98,钟村街钟二村105国道滑石围5-6层,image/nw_000hfNMN.jpg
111,2022111,逸丰酒店(广州海珠万达广场店),197,"广州大道南逸景路278号(大塘地铁站A出口),距广州塔广场3公里",image/nw_J2mwpJ3Y64.jpg
112,2022112,麗枫酒店(广州天河正佳广场店),488,"天河南二路26号,距广州塔广场2.9公里",image/nw_000cs8Bn.jpg
113,2022113,汉庭酒店(广州西门口光孝店),224,"海珠北路228号,距广州博物馆1.2公里",image/nw_SLqbiigoz6.jpg
114,2022114,7天优品酒店(广州仓边路店),252,"豪贤路184号,距清晖园博物馆0.5公里",image/nw_IHjonnxuDe.jpg
115,2022115,柏曼酒店(广州塔客村地铁站琶洲会展旗舰店),326,"新港中路481-483号,距广州塔1.2公里",image/nw_000dFq77.jpg
116,2022116,迎商酒店(广州琶洲会展中心客村地铁站丽影店),1111,"新港中路419号,距广州塔1.1公里",image/nw_KKpFHuHsf6.jpg
117,2022117,广州美琳公馆,358,"保利大都汇c4栋909房,距长隆欢乐世界0.7公里",image/nw_RyZmvXUMpy.jpg
118,2022118,景都酒店(广州陈家祠地铁站店),143,"荔湾路78号,距陈家祠0.3公里",image/nw_000cDFr0.jpg
119,2022119,广利酒店(广州陈家祠荔湾路店),152,"荔湾路95号,距陈家祠0.4公里",image/nw_000cRT8l.jpg
120,2022120,城市便捷酒店(广州上下九步行街陈家祠店),178,"康王中路181号,距陈家祠0.4公里",image/nw_UKLedFb2GQ.jpg
121,2022121,广州荔湾明煌宾馆,79,"龙津东路735(紫莱大厦),距陈家祠0.5公里",image/nw_MaRRGrDnDW.jpg
122,2022122,广州广湾宾馆,79,"中山七路陈家祠地铁C出口,距陈家祠61公里",image/nw_000cOooZ.jpg
123,2022123,广州隆城酒店,100,"中山八路1号荔湾路口隆城大厦4楼,距陈家祠0.5公里",image/nw_UPv0Igv1oA.jpg
124,2022124,广州热科宾馆,148,"康王中路241号,距陈家祠0.3公里",image/nw_PLvw8K907S.jpg
125,2022125,广州宝雅阁普通公寓,284,"广州荔湾区龙津中路581号金色荔苑新领域,距陈家祠0.3公里",image/nw_I6cvjz5LMY.jpg
126,2022126,如家派柏.云酒店(广州上下九路店),151,"长寿东路322号(上下九步行街旁),距陈家祠0.9公里",image/nw_000g6Kg4.jpg
127,2022127,城枫酒店(广州陈家祠地铁站店),128,"龙津东路欧家园43号,距陈家祠0.4公里",image/nw_000du98S.jpg
128,2022128,广州康柏斯酒店,194,"人民北路612号中广大厦,距越秀公园1公里",image/nw_000bSTPN.jpg
129,2022129,城市便捷酒店(广州大石地铁站动物园总店),161,大石镇富石路300号,image/nw_HmfdRgMSPK.jpg
130,2022130,逸米酒店(广州东圃地铁站店),153,"东圃镇东圃二马路68号,距黄埔军校旧址纪念馆3.9公里",image/nw_Vo6k25LdC0.jpg
131,2022131,广州森林海温泉度假酒店,1788,"派潭镇白水寨101号,距白水寨风景名胜区4.5公里",image/nw_RUK2yZbhBe.jpg
132,2022132,广州香江健康山谷,667,"白水寨大道32号,距白水寨风景名胜区3.7公里",image/nw_RSumVNKmaY.jpg
133,2022133,广州白水寨嘉华温泉酒店,1885,",距白水寨风景名胜区4.9公里",image/nw_000gLCAc.jpg
134,2022134,广州三英温泉度假酒店,938,",距白水寨风景名胜区4公里",image/nw_JzGsj5X8ME.jpg
135,2022135,广州碧桂园金叶子温泉度假酒店,798,"白水寨风景区，近南昆山路、石门森林公园,距白水寨风景名胜区3.3公里",image/nw_000c9NDE.jpg
136,2022136,广州碧桂园金叶子半山温泉公寓,499,"白水寨大道南40号,距白水寨风景名胜区3.5公里",image/nw_MXlzEWEtVu.jpg
137,2022137,增城小森林农家宾馆,166,"派潭白水寨景区正门侧7号,距白水寨风景名胜区3.6公里",image/nw_000cQbfq.jpg
138,2022138,白水寨仙寨阁度假别墅,108,"白水寨风景区正门口售票处,距白水寨风景名胜区3.8公里",image/nw_000fwYYS.jpg
139,2022139,广州锦绣香江温泉别墅,1680,"派潭镇白水寨风景名胜区香江健康山谷,距白水寨风景名胜区3.4公里",image/nw_000dlyZd.jpg
140,2022140,广州香江健康山谷梦斯帕温泉度假别墅,3840,"派潭镇白水寨大道32号香江健康山谷别墅区一街906,距白水寨风景名胜区3.3公里",image/nw_000edM3H.jpg
141,2022141,广州百鸣纺园公寓酒店,366,"新港中路397号TIT创意园内,距广州塔0.9公里",image/nw_H8oHsPUVCU.jpg
142,2022142,广州有家酒店,283,"南村镇兴南大道120号锦麟万博,距广州长隆国际大马戏1.7公里",image/nw_Tq2KK12xEc.jpg
143,2022143,维福顿公寓(广州汉溪长隆地铁站招商主场店),298,"兴南大道招商城市主场5栋,距广州长隆国际大马戏2.3公里",image/nw_MX7obutkeQ.jpg
144,2022144,广州宜家商务公寓沙滘东路店,120,"广州番禺区洛浦街沙滘东路13号,距广州长隆国际大马戏4.1公里",image/nw_TvTeA38wJG.jpg
145,2022145,广州爱丽思服务公寓,188,"汉溪大道东290号保利大都汇C6栋1301,距广州长隆国际大马戏1.2公里",image/nw_0007iUjz.jpg
146,2022146,宜尚酒店(广州番禺长隆万达广场万博地铁站店),474,"大石街大道北79号401-701,距广州长隆国际大马戏1.4公里",image/nw_S9lHWHU7wQ.jpg
147,2022147,布查特管家式酒店(广州锦绣店),1022,",距广州长隆国际大马戏1.5公里",image/nw_000e7oIT.jpg
148,2022148,广州润家服务式公寓,184,"万达广场387号B4栋1814房,距广州长隆国际大马戏2公里",image/nw_JcpcSlMdKo.jpg
149,2022149,喆啡酒店(广州番禺野生动物园店),276,大石街道105国道大石段613号,image/nw_000dZEmE.jpg
150,2022150,广州山海公寓,142,钟村105国道谢村路段(近地铁7号线钟村站A2出口),image/nw_ItM7R5bS0g.jpg
151,2022151,如家商旅酒店(广州上下九步行街长寿路地铁站宝华路店),279,"宝华路49号宝华豪庭,距沙面1公里",image/nw_TYhSD3znPi.jpg
152,2022152,CityNote希诺酒店(广州上下九步行街十三行店),683,",距沙面0.8公里",image/nw_000he1wI.jpg
153,2022153,隆斯莱斯主题酒店公寓(广州番禺动物园北门店),198,"大石工业四路52号敏捷华美国际7栋1524,距广州长隆国际大马戏0.4公里",image/nw_000dCLsk.jpg
154,2022154,广州贰肆贰民宿,118,"光复中路242号,距上下九步行街0.4公里",image/nw_M8leHzFghq.jpg
155,2022155,广州十甫假日酒店,661,"第十甫路188号,距上下九步行街0.4公里",image/nw_Q8CpXxzjAA.jpg
156,2022156,麗枫酒店(广州上下九步行街店),367,"下九路63号,距上下九步行街64公里",image/nw_000cgFFE.jpg
157,2022157,银裕宾馆(广州上下九步行街店),99,"上九路20号,距上下九步行街0.2公里",image/nw_MvybjZ2Auc.jpg
158,2022158,广州铂睿2359公寓,138,"上九路85号(上下九步行街内),距上下九步行街0.3公里",image/nw_00059K1e.jpg
159,2022159,城市快捷酒店(广州上下九步行街店),138,"光复中路270号,距上下九步行街0.5公里",image/nw_000d0aa4.jpg
160,2022160,如家酒店(广州上下九华林国际玉器城店),172,"文昌南路107号皇城国际珠宝玉器城4层,距上下九步行街0.5公里",image/nw_VxUDmYgQVy.jpg
161,2022161,广州煌子酒店,158,"人民南路179号,距上下九步行街0.5公里",image/nw_JkNOcZqwFi.jpg
162,2022162,广州郭淑娟公寓,199,"大石街道新光隧道(敏捷华美国际(长隆旅游度假区北门旁),距长隆水上乐园0.1公里",image/nw_Njj3zJ2TmM.jpg
163,2022163,广州OMGgongyu公寓,890,"广州番禺区敏捷华美国际2号楼,距长隆水上乐园0.5公里",image/nw_MZ71LnPnos.jpg
164,2022164,壹加壹精品酒店(广州新白云国际机场店),138,人和镇矮岗北街东六巷2号,image/nw_000cpYrh.jpg
165,2022165,广州塞唯国际公寓,183,科丰路91号萝岗万达广场C4栋922室,image/nw_TcwkeblLVK.jpg
166,2022166,尚美酒店(广州夏良地铁站店),138,太和镇龙兴中路永兴商务大厦1-1,image/nw_NgRumAoKeA.jpg
167,2022167,广州佰途国际公寓,328,启德路22号龙禧中心F栋,image/nw_MzCvSbqHLi.jpg
168,2022168,丽芙亚居酒店(广州中大北门店),188,下渡路下渡大街9号,image/nw_MglzpXtZK0.jpg
169,2022169,希迪酒店(广州新白云国际机场店),184,人和镇凤和冯安街三巷5号201,image/nw_QYrRPObw9G.jpg
170,2022170,美铂文华酒店(广州新白云国际机场体验店),224,人和镇矮岗村矮岗北街30号,image/nw_Ts5D0UPO4o.jpg
171,2022171,广州枫林晚快捷公寓,58,石壁街韦涌村田心北路三巷9号,image/nw_000hdlFR.jpg
172,2022172,奥美家国际公寓(广州汉溪长隆地铁站店),249,汉溪长隆地铁站奥园城市天地八区1栋,image/nw_000cff8y.jpg
173,2022173,广州白水寨兰亭阁别墅,168,"白水寨三排1号,距白水寨风景名胜区3.6公里",image/nw_0004ppnk.jpg
174,2022174,微八逸居酒店(广州火车站店),229,"梓元岗南街11号,距越秀公园1公里",image/nw_000bYPRn.jpg
175,2022175,潮漫酒店(广州火车站店),278,"站前横路20号,距越秀公园0.9公里",image/nw_PVVfakLDzy.jpg
176,2022176,斯维登服务公寓(广州琶洲国际会展门店),1206,"新港东路琶洲商业广场琶洲新村2栋A座1楼大堂,距北岛创意园2.4公里",image/nw_000dyjVz.jpg
177,2022177,广州海洋酒店式公寓,388,"琶洲新村18栋B座一楼大堂(万胜围D出口),距北岛创意园2.3公里",image/nw_TQYzXyr2GA.jpg
178,2022178,广州驿龙国际公寓,238,"新港东路万胜围站D口琶洲商业广场18栋B座一楼大堂,距北岛创意园2.3公里",image/nw_000h9A6h.jpg
179,2022179,丽景公寓式酒店(广州琶洲会展中心店),278,"琶洲占决新街18栋A座一楼大厅,距北岛创意园2.4公里",image/nw_NInqGtq6ty.jpg
180,2022180,广州盛汇时尚酒店,288,"桃园路41号,距北岛创意园2.3公里",image/nw_000d3by8.jpg
181,2022181,米岚酒店公寓(广州琶洲会展店),688,"新港东路琶洲新村12栋,距北岛创意园2.3公里",image/nw_LPgJ8Mg8Wk.jpg
182,2022182,喜正家酒店公寓(广州琶洲会展中心店),278,"琶洲商业广场18栋B座一楼大堂,距北岛创意园2.2公里",image/nw_SLlCoz06Qw.jpg
183,2022183,广州VV公寓,158,"新港东路68号,距北岛创意园0.2公里",image/nw_HtuxNDY4Cc.jpg
184,2022184,广州瑰丽酒店,2193,"珠江东路6号广州周大福金融中心95层,距花城广场0.4公里",image/nw_KnqToCb0hq.jpg
185,2022185,广州瑰丽府邸,2309,"珠江东路6号,距花城广场0.4公里",image/nw_N58BskpQcg.jpg
186,2022186,广州四季酒店,2099,"珠江新城珠江西路5号 ( 西塔69层至100层),距花城广场0.3公里",image/nw_WgjbyqAfCg.jpg
187,2022187,广州墨韵.小栈公寓(爱娃游乐园分店),888,"广州天河区花城大道-地铁站,距花城广场0.5公里",image/nw_LMbibtMxPO.jpg
188,2022188,广州圣瑞服务公寓,2388,"珠江新城兴盛路7号领峰东2门C座503办公室,距花城广场0.9公里",image/nw_IGVq87rzZm.jpg
189,2022189,美领宾馆(广州猎德地铁站店),269,"珠江新城花城大道88号,距花城广场0.9公里",image/nw_LSFAg89Ym4.jpg
190,2022190,广州卓美亚酒店,2449,"珠江东路12号,距花城广场0.6公里",image/nw_MwoQimV8qY.jpg
191,2022191,笆笆拉酒店(广州大石地铁站店),168,"大石街植村工业二路8号,距长隆水上乐园1公里",image/nw_000cPhEw.jpg
192,2022192,如家精选酒店(广州番禺长隆野生动物园店),208,105国道大石段490号,image/nw_VbFR8zAT1m.jpg
193,2022193,园艺酒店公寓(广州琶洲国际会展店),288,"新港东路琶洲商业广场18栋B座一楼,距北岛创意园2.3公里",image/nw_SOymf8eSqI.jpg
194,2022194,广州智行东方酒店,331,"广州大道北101号,距白云山3.1公里",image/nw_IuApARArYs.jpg
195,2022195,广州亚细亚酒店,288,"金钟横路32号之三,距白云山3.1公里",image/nw_QPCKi7q04E.jpg
196,2022196,山水时尚酒店(广州白云大道广外店),250,"白云大道北298-300号,距白云山3.1公里",image/nw_000eirAG.jpg
197,2022197,广州桐园酒店,269,"广州大道北梅花园28号,距白云山2.5公里",image/nw_QJgJKeWrcs.jpg
198,2022198,城市便捷酒店(广州天平架地铁站店),195,"沙太南路银利街87号,距白云山3公里",image/nw_ImyNEu7xn2.jpg
199,2022199,广州万富希尔顿酒店,1772,"云城东路515、517号,距白云山3公里",image/nw_Vy5lDpofgQ.jpg
200,2022200,柏曼酒店(广州梅花园地铁站白云山旗舰店),213,",距白云山2.3公里",image/nw_Rlt0BNveIE.jpg
201,2022201,如家酒店(广东外语外贸大学白云大道店),169,"白云大道北183号,距白云山3.2公里",image/nw_FnJtTXJ3s4.jpg
202,2022202,广州大信国际酒店,378,"金钟横路238号,距白云山3.3公里",image/nw_000dzW6K.jpg
203,2022203,麗枫酒店(广州天平架地铁站店),348,"沙太南路115号,距白云山3.2公里",image/nw_VgBsL0YEQ8.jpg
204,2022204,波恩酒店(广州新白云国际机场店),315,矮岗村矮岗北街26号,image/nw_VPIou8UJ1e.jpg
205,2022205,丽斯智选酒店(广州新白云国际机场店),295,人和镇矮岗十字坎庄十一巷11号,image/nw_KipBCgGapq.jpg
206,2022206,尚客优品酒店(广州新白云国际机场店),260,人和镇矮岗矮岗北街东三巷6号,image/nw_TPixY1Vnzy.jpg
207,2022207,华茂广府文化酒店(广州越秀公园地铁站店),354,"盘福路63号,距越秀公园0.5公里",image/nw_TXYxwphoys.jpg
208,2022208,朋满国际公寓(广州北京路捷登都会店),480,"中山五路70号捷登都会公寓17楼1724室,距越秀公园1.7公里",image/nw_000d0oQS.jpg
209,2022209,魔方公寓(广州岗贝路店),160,"岗贝路32号,距越秀公园4.4公里",image/nw_VPKJctEphK.jpg
210,2022210,湘鸿酒店(广州童心路店),113,"登峰街道童心路6号,距越秀公园1.4公里",image/nw_UcUWLqueXK.jpg
211,2022211,安途生艺术酒店(广州海珠广场地铁站店),339,"滨江西路228号,距越秀公园3.3公里",image/nw_000dCBv4.jpg
212,2022212,同古舍酒店(广州江南西店),366,"江南中街海逸街7.9.11号力迅时光里204,距越秀公园4.3公里",image/nw_G1f7hcptyU.jpg
213,2022213,迈哈顿公寓(广州火车站批发市场西村地铁站店),188,"西湾路149号财富公馆B1南塔313室,距越秀公园2.4公里",image/nw_000eYFO7.jpg
214,2022214,迈哈顿公寓(广州正佳环市中心店),258,"环市东路372号正佳环市中心3208室,距越秀公园2.7公里",image/nw_000h62WI.jpg
215,2022215,柏c精品酒店式公寓(广州上下九西门口地铁站店),138,"人民中路319号,距越秀公园2.6公里",image/nw_JQGNwVWrn2.jpg
216,2022216,宜尚酒店(广州西门口地铁站店),307,"光复北路558号,距越秀公园2公里",image/nw_000chcQp.jpg
217,2022217,广州江月名尚酒店,228,"中山八路41号,距越秀公园2.9公里",image/nw_FK8y2i65Ec.jpg
218,2022218,广州合晋帝苑酒店,264,"赤岗路12号,距广州塔1.3公里",image/nw_GIsySapybS.jpg
219,2022219,丽芙酒店(广州会展中心赤岗地铁站广州塔店),499,"新港中路456号纵横广场,距广州塔1.3公里",image/nw_J6r4yCOuek.jpg
220,2022220,广州悦享家公寓,238,"新港中路纵横广场背面西塔28楼按门铃2814,距广州塔1.3公里",image/nw_000g4gqg.jpg
221,2022221,芭提雅阁公寓(广州南站店),213,石壁街汉溪大道西283号奥园越时代广场东座一楼47号铺,image/nw_SsO2axRWec.jpg
222,2022222,广东空港大酒店,210,人和镇东华村华西路83号,image/nw_000dAUK9.jpg
223,2022223,兰斯酒店(广州机场四店),192,人和镇矮岗聚龙街十三巷12号,image/nw_NncfLDPBE4.jpg
224,2022224,广州禾平里酒店,313,人和镇凤和村冯安街十五巷2号(广州翼·空港文旅小镇示范区内),image/nw_W5Hw3wO3Ti.jpg
225,2022225,广州网络公寓,68,"站前路148号404房,距越秀公园0.9公里",image/nw_000cxwvZ.jpg
226,2022226,广州怡乐酒店,119,"机场路5号,距越秀公园1.6公里",image/nw_VYHljCK9Hy.jpg
227,2022227,喜屋居服务公寓(广州汉溪长隆地铁站店),398,"钟村街汉溪大道东保利大都汇B2栋大堂,距长隆欢乐世界0.6公里",image/nw_MepzsRsiPK.jpg
228,2022228,广州香美园公寓,260,"汉溪中路保利大都汇16栋2405,距长隆欢乐世界0.6公里",image/nw_100gyDbg.jpg
229,2022229,广州长隆鑫琳小居公寓,599,"汉兴二街61号B8栋4楼409房,距长隆欢乐世界0.7公里",image/nw_LCvrsH8HO8.jpg
230,2022230,广州曲仁宾馆,176,"广州市大德路254号,距石室圣心大教堂0.4公里",image/nw_000dfemU.jpg
231,2022231,海棠连锁公寓(广州珠江新城店),258,"珠江新城花城大道16号铂林国际公寓大堂,距清晖园博物馆1.1公里",image/nw_RvlFjm8sgM.jpg
232,2022232,柏曼酒店(广州中山纪念堂地铁站店),309,"应元路117号,距清晖园博物馆0.3公里",image/nw_W5IF1zLibS.jpg
233,2022233,广州广东省教育厅招待所,120,"广卫路14号,距清晖园博物馆0.8公里",image/nw_00050pBe.jpg
234,2022234,广州优享家精品民宿,70,"赤岗北路珠江帝景轩C503,距广州塔0.3公里",image/nw_100gxV1V.jpg
235,2022235,广州遇见优品民宿,289,"江丽路161号,距广州塔0.5公里",image/nw_MK1y5j4CsM.jpg
236,2022236,维也纳3好酒店(广州塔店),492,"艺洲路1号,距广州塔0.8公里",image/nw_0004pnys.jpg
237,2022237,广州潇雅轩公寓,84,"下渡大街70号,距广州塔广州塔公里",image/nw_QlLcpm7Vzq.jpg
238,2022238,丽芙酒店(广州塔领事馆店),419,"艺景路230号,距广州塔0.8公里",image/nw_000dh33G.jpg
239,2022239,天幕国际公寓(广州珠江新城店),1988,"珠江新城海安路13号财富世纪广场A2座一楼大堂,距广州塔2.6公里",image/nw_McKIIc5lHG.jpg
240,2022240,城市便捷酒店(广州客村地铁站敦和店),300,"敦和路165号,距广州塔2公里",image/nw_GWlmaePtPG.jpg
241,2022241,广州盘丝洞青年旅社,288,"艺景路242号锦安苑小区,距广州塔0.8公里",image/nw_00057vRS.jpg
242,2022242,素舍里酒店(广州新白云国际机场概念店),348,人和镇矮岗村十字坎庄九巷15号,image/nw_JXi9zNv4Ji.jpg
243,2022243,朗逸精选酒店(广州新白云国际机场店),179,鹤龙六路99号A栋,image/nw_UB1QOYQopO.jpg
244,2022244,城市便捷酒店(广州滘口地铁站店),177,芳村大道西芳信路6号(花卉研究中心旁),image/nw_TAGfwfajKM.jpg
245,2022245,广州合发宾馆,128,长红村竹仔园西商街175号3层,image/nw_QziRyyMB3i.jpg
246,2022246,维度酒店(广州棠安路店),198,棠安路145号,image/nw_KacN5BzKec.jpg
247,2022247,7天连锁酒店(广州北京路地铁站店),161,"北京南路海傍街48号,距北京路步行街0.5公里",image/nw_LP0WOo4HvO.jpg
248,2022248,CityNote希诺酒店(广州北京路大佛寺公园前地铁站店),442,"西湖路81号,距北京路步行街0.4公里",image/nw_UBmmSVXUM8.jpg
249,2022249,南北纵横国际公寓(广州北京路步行街金润铂宫店),428,"北京路238号名盛广场金润铂宫一楼东大堂,距北京路步行街0.3公里",image/nw_0005xuNn.jpg
250,2022250,城市便捷酒店(广州北京路步行街店),251,"文明路8号宝升商业大厦,距北京路步行街0.1公里",image/nw_FPZCBNBORq.jpg
251,2022251,巴顿国际公寓(广州北京路金润铂宫店),402,"北京路238号名盛广场金润铂宫12楼1207号,距北京路步行街0.3公里",image/nw_JmwCvBVRcs.jpg
252,2022252,广州北京路步行街店宜尚PLUS酒店,427,"大南路82号,距北京路步行街0.2公里",image/nw_PAuR5E8zzq.jpg
253,2022253,逸米酒店(广州北京路地铁站店),218,"文德南路62号,距北京路步行街0.4公里",image/nw_000d3OFh.jpg
254,2022254,广州靓天阁酒店,138,"文明路38号精彩大厦(消防局正对面),距北京路步行街0.2公里",image/nw_V7ANa7IHCg.jpg
255,2022255,柏高·雅酒店(广州北京路地铁站店),329,"北京南路太平沙18号首层10-11号铺(太平沙牌坊直入约15米即到),距北京路步行街0.3公里",image/nw_UsnNCUcZkk.jpg
256,2022256,广州京福酒店,208,"万福路351号,距北京路步行街0.2公里",image/nw_000fbF4V.jpg
257,2022257,广州保利洲际酒店,2268,"阅江中路828号,距北岛创意园2.5公里",image/nw_R1ebU7jVLy.jpg
258,2022258,广州云莱公寓(琶洲展馆店),375,"新港东路保利广场18栋A一楼大堂,距北岛创意园2.3公里",image/nw_000d87kL.jpg
259,2022259,7天优品酒店(广州陈家祠地铁站二店),233,"龙津中路557号,距陈家祠0.2公里",image/nw_LehPheEUCI.jpg
260,2022260,广州宁夏招待所,178,"文昌北路青龙直街5号,距陈家祠0.5公里",image/nw_00079zJv.jpg
261,2022261,广州锦泰酒店沿江分店,198,"沿江西路105号,距沙面1.1公里",image/nw_000d6LYP.jpg
262,2022262,广州南美大酒店,398,"滨江西路海鸣街16号,距沙面0.5公里",image/nw_000gvsWL.jpg
263,2022263,城市便捷酒店(广州市上下九步行街一店),276,"上九路46号,距上下九步行街0.2公里",image/nw_GoYUqjyGac.jpg
264,2022264,凯里亚德酒店(广州上下九店),267,"光复中路216号,距上下九步行街0.4公里",image/nw_OMiGrW4exG.jpg
265,2022265,朴宿喜度民舍(广州长寿路地铁站店),158,"文昌北路174号,距上下九步行街0.5公里",image/nw_000h08xu.jpg
266,2022266,如家公寓(广州大学城长洲店),108,"长洲街深井花基新村27号,距黄埔军校旧址纪念馆2.1公里",image/nw_000cMIsD.jpg
267,2022267,广州长洲印象民宿小明,268,"广州黄埔区洪福市直街,距黄埔军校旧址纪念馆0.9公里",image/nw_RqNwsTooAU.jpg
268,2022268,广州慢云·港润东亚大酒店,274,"长堤大马路320号,距石室圣心大教堂0.5公里",image/nw_JTNV4Z9Y9q.jpg
269,2022269,爱丽思国际酒店公寓(广州沿江路民间金融大厦店),500,"长堤大马路316号民间金融大厦11楼09房,距石室圣心大教堂0.4公里",image/nw_0005ohnt.jpg
270,2022270,橙子时尚公寓(广州厦滘地铁站店),154,洛浦街厦滘村桂花街自编1号二层、三层,image/nw_000edIyX.jpg
271,2022271,广州长广酒店,338,大石建华路2号,image/nw_HOw3cKlAsM.jpg
272,2022272,家福公寓(广州中华广场店),178,"东华西路189号夹层3-6、11、12A、13-15、20.-23、35-44房,距广州塔广场4.7公里",image/nw_P9Zv1boDq8.jpg
273,2022273,广州翠谷锦绣香江豪华别墅,4107,"派潭镇白水寨大道32号香江健康山谷内,距白水寨风景名胜区3.9公里",image/nw_000gSFGX.jpg
274,2022274,花筑·广州阅季民宿(白水寨景区店),646,"派潭镇上九陂村上九陂路十二巷1号,距白水寨风景名胜区3.4公里",image/nw_IFNsxffwI0.jpg
275,2022275,广州逸林假日酒店,1333,"白云大道北2号学院南路,距白云山2.2公里",image/nw_0006VIOi.jpg
276,2022276,7天连锁酒店(广州梅花园地铁站店),129,"沙太南路牛利岗大街112-114号,距白云山3.2公里",image/nw_SYA7Quk85G.jpg
277,2022277,广州卡尔文大酒店,313,"齐富路100号,距白云山2.9公里",image/nw_FCOO6tFmdW.jpg
278,2022278,广州V酒店北京路步行街店,298,"文德路金德大厦1楼,距北京路步行街0.4公里",image/nw_TASJr3vB5u.jpg
279,2022279,丽枫酒店式公寓(广州天河正佳广场店),535,"天河南二路六运六街27-29号7-8楼,距广州塔广场2.9公里",image/nw_GDzwx61VL2.jpg
280,2022280,广州凯旋华美达大酒店,780,"广州大道中明月一路九号,距广州塔1.4公里",image/nw_000h6V7G.jpg
281,2022281,广州品晶铂林国际公寓,308,"珠江新城花城大道16号(铂林公寓A座大堂内),距广州塔1.6公里",image/nw_JVmodpUEKc.jpg
282,2022282,广州珠江新城华轩美爵酒店,949,"珠江新城金穗路62号5楼(前台在5楼),距广州塔1.8公里",image/nw_HyqMF2GkRG.jpg
283,2022283,方洁连锁酒店(广州火车站店),138,"三元里桂花岗桂花路5号,距越秀公园1.4公里",image/nw_000e56MI.jpg
284,2022284,广州皇圣大酒店,98,"广园西路27号,距越秀公园1.7公里",image/nw_000dqnDM.jpg
285,2022285,广州珠海特区大酒店,398,"海珠北路11-15号,距越秀公园1.7公里",image/nw_VhV3Y2PdDi.jpg
286,2022286,逸米米公寓(广州北京路捷登都会店),448,"中山五路70号捷登都会一楼前台大堂,距越秀公园1.7公里",image/nw_NluXj98ksU.jpg
287,2022287,逸米酒店(广州凤凰新村地铁站店),179,"工业大道北51-53号,距沙面1.5公里",image/nw_PjantmTwQw.jpg
288,2022288,广州知云设计人公寓,338,"大石植村众志路39号天骄时代12栋12楼09房,距长隆欢乐世界1.9公里",image/nw_LbgUGKY0lH.jpg
289,2022289,星驿国际度假公寓(广州动物园景区北门店),164,"大石街道工业四路敏捷华美国际8栋123铺,距长隆欢乐世界0.9公里",image/nw_000cOFZD.jpg
290,2022290,森林密码主题公寓(广州南站汉溪长隆地铁站店),425,"汉溪大道奥园城市天地九区一栋005铺,距长隆欢乐世界1.1公里",image/nw_000evfHr.jpg
291,2022291,如家驿居酒店(广州番禺长隆店),135,"大石镇南大路271号,距长隆欢乐世界1.3公里",image/nw_Fo9eQgbRgA.jpg
292,2022292,7天优品(广州长隆站动物园北门店),136,"大石街河村南大公路275号,距长隆欢乐世界1.3公里",image/nw_TXPNy2rZy8.jpg
293,2022293,广州万泓国际酒店,423,南村镇官堂村镇南路3号，长隆旅游度假区,image/nw_IASp966hig.jpg
294,2022294,格林豪泰(广州欢乐世界员岗地铁站店),237,兴南大道490号,image/nw_000cNXJ4.jpg
295,2022295,广州怡徕公寓,155,化龙镇国贸大道南39号卡度尼大厦,image/nw_GUCWM065DG.jpg
296,2022296,广州茂丰酒店,259,番禺大道北342号,image/nw_000d19M6.jpg
297,2022297,逸米酒店(广州江湾团一大广场地铁站店),268,"广九大马路11号,距广州塔广场4.6公里",image/nw_ImcRmNxkOc.jpg
298,2022298,如家酒店(广州客村地铁站墩和万达广场店),186,"广州大道南898号,距广州塔广场2.4公里",image/nw_OghGruuxZC.jpg
299,2022299,亚特兰斯国际度假公寓(广州客村合生广场店),314,"广州大道南叠景路合生广场249号E栋公寓,距广州塔广场2.5公里",image/nw_MzqRtqFCqA.jpg
300,2022300,佰合精选国际度假公寓(广州合生广场店),418,"广州大道南叠景路249号合生广场E栋大堂,距广州塔广场2.5公里",image/nw_000h9L9W.jpg
301,2022301,广州彭达大酒店,262,"机场路12号,距越秀公园1.7公里",image/nw_Q5kVvMShgI.jpg
302,2022302,广州宜居公寓,72,大石街涌口村新村5巷8号,image/nw_K8vtloZynK.jpg
303,2022303,奇幻马戏公馆(广州汉溪长隆地铁站招商主场店),558,兴南大道招商城市主场11号5栋,image/nw_000e1PzN.jpg
304,2022304,城市便捷酒店(广州汉溪长隆市桥地铁站店),231,市桥大北路150号,image/nw_GLWUhhsKdi.jpg
305,2022305,柏曼酒店(广州天河棠东地铁站琶洲会展中心店),318,棠下棠德南路346号祥盛广场12-16层,image/nw_000eh2vY.jpg
306,2022306,66时尚公寓(广州新国际机场店),457,人和镇矮岗村东七巷一号,image/nw_VM1I3CrHfa.jpg
307,2022307,嘉华酒店(广州聚龙地铁站店),168,西槎路811号聚龙工业区自编1号,image/nw_RSEhPXJFlu.jpg
308,2022308,紫薇酒店(广州融创文旅城店),314,新华街紫薇路29号,image/nw_SEMqdX9m9O.jpg
309,2022309,星悦遵品公寓(广州番禺动物园北门店),231,"大石工业四路52号敏捷华美国际7栋101室,距广州长隆国际大马戏0.4公里",image/nw_0008YhGJ.jpg
310,2022310,喜悦主题公寓(广州汉溪长隆地铁站北门店),168,"大石街道工业四路52号敏捷华美国际8栋楼107铺,距广州长隆国际大马戏0.4公里",image/nw_NaoduUiPnO.jpg
311,2022311,时分公寓(广州动物园北门店),164,"大石工业四路52号敏捷华美国际8栋711房,距广州长隆国际大马戏0.4公里",image/nw_MWYQtkxQre.jpg
312,2022312,岭南佳园连锁酒店(广州中山四路店),155,"德政中路388号,距广州博物馆1.6公里",image/nw_QJiwTK248g.jpg
313,2022313,广州新粤新酒店,239,"环市东路329号,距广州博物馆1.5公里",image/nw_UELzBa43V6.jpg
314,2022314,和颐至尚酒店(广州盘福路越秀公园店),265,"盘福路22号泰峰大厦,距广州博物馆0.8公里",image/nw_R4BwZKHUA0.jpg
315,2022315,CityNote希诺酒店(广州省人民医院中华广场店),467,"中山三路108号,距清晖园博物馆1.2公里",image/nw_ItcsdPmU9i.jpg
316,2022316,广州花园酒店,991,"环市东路368号,距清晖园博物馆1.6公里",image/nw_0004T433.jpg
317,2022317,广州鸿城宾馆,320,"长堤大马路292号,距石室圣心大教堂0.4公里",image/nw_HVfNQvncOY.jpg
318,2022318,广州米娅公寓,158,"东圃镇珠吉公路25号,距黄埔军校旧址纪念馆3.8公里",image/nw_000c3tG9.jpg
319,2022319,广州十九号公馆,288,"琶洲街黄浦乡东围69号,距黄埔军校旧址纪念馆3.8公里",image/nw_FMr91BqdYA.jpg
320,2022320,7天连锁酒店(广州东圃客运站店),210,"中山大道中1025号君易商务大厦,距黄埔军校旧址纪念馆3.7公里",image/nw_000dqiq5.jpg
321,2022321,汉庭优佳酒店(广州纪念堂地铁站店),411,"解放北路783号,距越秀公园0.8公里",image/nw_TRU6TvTnwc.jpg
322,2022322,如家酒店(广州上下九长寿路地铁站店),207,"逢源路34号,距沙面1.4公里",image/nw_000dmdNy.jpg
323,2022323,星辰酒店公寓(广州上下九店),92,"人民中路347号,距陈家祠1公里",image/nw_000fqxt5.jpg
324,2022324,维也纳酒店(广州番禺长隆金江大道店),283,南村镇金江大道梅山村自编10号,image/nw_0006KX5A.jpg
325,2022325,广州御庭快捷酒店,149,"康王南路荔湾广场南塔5楼,距上下九步行街62公里",image/nw_000fv9X1.jpg
326,2022326,莫泰168(广州上下九华林国际玉器城店),187,"文昌南路107号皇城国际珠宝玉器城4楼,距上下九步行街0.4公里",image/nw_000eNEGU.jpg
327,2022327,广州柏得昌公寓,172,"广州市荔湾区上九路59号,距上下九步行街0.3公里",image/nw_000ciY5r.jpg
328,2022328,麗枫酒店(广州火车站友谊剧院店),425,"人民北路696号自编3号,距越秀公园0.7公里",image/nw_00061ULP.jpg
329,2022329,尔嘉纳服务式公寓(广州万科海上传奇店),198,"芳村太和街8号万科海上传奇102铺,距沙面1.4公里",image/nw_KHixVY6rEQ.jpg
330,2022330,福力兴酒店(广州上下九陈家祠地铁站店),138,"荔湾路104号,距陈家祠0.8公里",image/nw_NdK1xjR0m4.jpg
331,2022331,广州星河湾酒店,868,番禺大道北1号,image/nw_GIEj5LSxBC.jpg
332,2022332,7天优品酒店(广州客村地铁站店),199,"艺苑路5号(港艺商务大厦),距广州塔广州塔公里",image/nw_S5NFNBcF7q.jpg
333,2022333,广州悦曼公寓,358,"新港中路456号纵横广场背面西塔15楼1525房,距广州塔1.3公里",image/nw_000h1QCs.jpg
334,2022334,维多利亚公寓(广州融创万达店),288,凤凰北路76号6栋24楼2409房,image/nw_IyYjXvOJzi.jpg
335,2022335,广州番禺大道希尔顿欢朋酒店,498,东环街龙美村莲花大道中102号,image/nw_Q6NxB4lQuQ.jpg
336,2022336,广州巴登巴登温泉度假酒店,481,"派潭镇大封门林场,距白水寨风景名胜区3.6公里",image/nw_000h9Ife.jpg
337,2022337,广州快点栈酒店公寓,175,太和镇龙归南村高路西一巷21号,image/nw_R5Bd0PWruM.jpg
338,2022338,昂达琶洲公寓(广州琶洲国际会展店),233,"新港东路琶洲保利广场18A座大堂,距北岛创意园2.3公里",image/nw_000cwnkW.jpg
339,2022339,广州国际金融中心雅诗阁服务公寓,2194,"珠江新城珠江西路5号,距花城广场0.5公里",image/nw_0004T1F2.jpg
340,2022340,趣致·嘻哈酒店公寓(广州保利中达广场店),658,"珠江新城兴安路15号三号楼一楼大堂,距花城广场0.5公里",image/nw_0003QSgt.jpg
341,2022341,广州康莱德酒店,1574,"珠江新城兴民路222号,距花城广场0.8公里",image/nw_000dTj3J.jpg
342,2022342,文华国际酒店公寓(广州北京路步行街店),411,"文德路68号东方文德广场1层,距北京路步行街0.4公里",image/nw_QJUQXx4fWE.jpg
343,2022343,广州是你吗小梁公寓,536,"广州番禺区敏捷·华美国际,距长隆水上乐园0.3公里",image/nw_MKnLyhnJRu.jpg
344,2022344,广州比诺兰斯酒店,281,南村镇兴业大道256号,image/nw_FVYVWrEKk0.jpg
345,2022345,凯港精品酒店(广州沙河服装城店),308,"广园东路2133号,距白云山2.9公里",image/nw_UlgxSjK2E8.jpg
346,2022346,广州卡丽皇家金煦酒店,331,"广园中路388号,距白云山2.9公里",image/nw_OZ5NdSblLy.jpg
347,2022347,广州喜盈服务公寓(北京路锦源店),480,"北京路147-149号骏田汇批发广场锦源国际28楼2813室,距北京路步行街0.1公里",image/nw_TTVz6NyzoA.jpg
