,spot_id,name,price,description,picurl
0,2021000,通远门城墙遗址公园,0,通远门城墙遗址公园由广场、城墙、雕塑组成。雕塑叙述了老城墙筑城、守城、攻城的历史故事，辅以《炒米糖开水》和《滑竿》两组民俗雕塑，市井味浓郁，是游人感受重庆历史文化的场所之一。古重庆城有城门九开八闭共十七道，应“九宫八卦”之象而筑以示“金城汤池”之意。通远门位于正西面，是重庆城唯一的陆门，是通往外地的陆路起点，故称“通远”。至今，通远门已是重庆仅存的两道城门之一，而通远门段城墙也是重庆唯一一段保存较为完整的城墙遗址。,image/1A0w1a0000018vkbbE296_D_256_180.jpg
1,2021001,中山四路,0,中山四路是重庆市政府所在地，周边就是著名的上清寺。一条街上历史遗迹很多，有桂园、周公馆、戴公馆、张骧公馆等。中山四路抗战文化一条街，这条复刻了泱泱大国如晦历史记忆的长路，自上世纪30年代便锁定了来自世界的瞩目，并以它独一无二的城市地位，代言着重庆的前世今生。1937年至1942年，在日本帝国主义长达五年的“无区别轰炸”中，重庆中山四路作为世界反法西斯同盟在中国的指挥中心，以其不屈之姿，指挥着全国人民顽强抗击日本法西斯统治，并取得重要胜利，为英美等国在太平洋战场争取了时间和有利条件。中山四路是重庆恢复历史街区的成功案例，中山四路一带，是陪都、抗战遗迹最集中的地方。重庆红岩联线文化发展管理中心主任厉华曾表示，桂园、特园、周公馆都是中国近现代史上的重要文物，每年都会修复，都遵循了修旧如旧的原则。2010年重庆市结合主干道综合整治时，对这一片区作为历史街区进行了很好的恢复。这一带历史街区的恢复，在保留文物遗迹历史面貌的同时，又结合了地域建设特点，将沿街的众多建筑改为青砖带瓦、拱窗拱廊的中西合璧风格。而这一风格，正是上世纪三四十年代此处的建筑风格，这让改造后的建筑和保留下来的历史建筑显得更和谐，给人以整齐、古朴、大气的美感。,image/100b1f000001gsm817EFD_D_256_180.jpg
2,2021002,周公馆,0,周公馆是思南路上的一座西班牙式花园洋楼，曾是1946年周恩来在上海工作、生活过的地方。周公馆整体保护得很好，现在依然能在里面看到当时的房间布局，还能看到按原样复制的家具和一些工作物品。在抗日战争胜利后的国共谈判期间，实际上这里是中国共产党代表团驻沪办事处，由于形势所迫对外宣称是周恩来的寓所，所以简称“周公馆”。周公馆掩映在法国梧桐树丛中，如今可以看到爬山虎几乎爬满了整栋建筑，楼后还有后花园，闹中取静，环境相当优美。入馆参观需注意里面禁止拍照。周公馆的一楼是会客室和周恩来的办公室兼卧室，当年周恩来多次在这里召开中外记者招待会。二楼是办事处外事人员的工作室兼卧室，陈列着收音机、英文打字机、油印机等物品。三楼正中为集体宿舍，时常作为办事处接待许多南来北往同志的临时住处。洋楼的底层还有传达室和汽车间，汽车间里停放着周恩来使用过的“别克”轿车（现为复制件）。来到花园，这里是一片草坪，草木间矗立着一座周总理的全身塑像。紧邻着周公馆还有一座附楼，里面是史迹图片陈列馆，展示了办事处的设立背景和在沪工作场景。此外，这里离孙中山故居纪念馆、刘海粟旧居等名人故居都不远，步行5-10分钟可到。,image/100i1f000001gp1l82428_D_256_180.jpg
3,2021003,桂园,0,桂园是一个独立的小院，大门临街。院内有两株桂花树，桂园因此得名。桂园占地700平方米，主楼为砖木结构，楼下左侧会客厅，是当年和签订《国共双方代表会谈纪要》（即“双十协定”）的地方。右侧餐厅里，曾宴请过各国驻华团体负责人和中外各界友好人士。二楼是办公、休息的地方。这里陈列着重庆谈判期间的活动照片，以及《新华日报》、《解放日报》在当时的有关报道。,image/10091f000001gsn244C9F_D_256_180.jpg
4,2021004,四川美术学院,0,四川美院全称四川美术学院，是中国独立建制的31所普通高等艺术院校之一，也是中国八大美院之一。学校校园分为黄桷坪校区和虎溪校区，黄桷坪老校区位于重庆市九龙坡区，是一所园林式校园。学校内外分布着黄桷坪涂鸦艺术街、重庆美术馆等景点。黄桷坪涂鸦艺术街位于重庆九龙坡区黄桷坪辖区，起于黄桷坪铁路医院，止于501艺术库，全长约1.25公里，是全球较大的涂鸦艺术作品，也是网红拍照地。501艺术库是昔日的战备物流仓库，共5层楼，修于1950年，曾被称为“501仓库”。重庆美术馆位于四川美院黄桷坪老校区内，毗邻长江，青山环绕，绿树和雕塑点缀其间。该馆共有7个展厅及户外雕塑展示区，可同时举办多种展览；有容纳500多人的现代化多功能厅和容纳180多人的学术报告厅，实用于国际学术交流和影视展映。四川美院校门内的中央位置还矗立着中国国内较大、记录学生人数较多的巨型校友墙，这面墙上，记录了从1954年到2010年在该校就读的35000多名学生的名字。,image/10071f000001h6xhe1950_D_256_180.jpg
5,2021005,来福士购物中心,0,,
6,2021006,洪崖洞民俗风貌区,0,洪崖洞民俗风貌区是逛山城老街、观赏两江风光、品尝当地美食的好去处。洪崖洞商业街位于渝中区沧白路，长江、嘉陵江两江交汇的滨江地带，以具有巴渝传统建筑特色的“吊脚楼”为主体，依山就势，沿江而建。夜景美爆了洪崖洞民俗风貌区由纸盐河酒吧街、天成巷巴渝风情街、盛宴美食街及异域风情城市阳台四部分组成，以具有巴渝传统建筑特色的吊脚楼为主体，依山就势，通过分层筑台、吊脚、错叠、临崖等山地建筑手法，把这一片建筑汇聚在一起，夜晚时候灯火通明，堪称山城一景。美食、购物、观景走进洪崖洞民俗风貌区两边都是密集的吊脚楼。从脚下的沿江路到顶层的沧白路有11层之多。各层内容不同，有餐馆、有小吃街、有酒吧咖啡厅，也有土特产商铺。顶层是异域风情城市阳台，可乘坐电梯直达。站在观景平台上，可远观两江交汇，风光无限。,image/100e0x000000l3igw7E5F_D_256_180.jpg
7,2021007,山城步道,0,所谓步道，就是只能步行的城市小道。重庆是一个建在山地的城市，许多相邻的地方落差高达几十米，交通只能靠这种爬坡上坎的城市小道。过去一些有名的步道都很繁华，重庆许多老的遗址就在这些步道旁。随着大规模的旧城改造和交通条件的改善，这些步道慢慢地失去了作用，有的已经消失或者荒芜了。周边的一些有名的遗址也慢慢被人们遗忘而消失在漫漫的历史长河中......修复完工的第三步道是其中的代表。这条步道地处渝中半岛南向坡面，由北向南，依次经过市中山医院、抗建堂、菩提金刚塔、法国仁爱堂旧址、悬空栈道等，全长1748米，紧凑地串联了一 系列传统街区和历史文化遗迹。步道最高点在菩提金刚塔附近，最低点位于山城巷入口处，高差79.5米。是一条颇具重庆城市特色的山城步道。,image/100t1f000001gqa24C777_D_256_180.jpg
8,2021008,李子坝轻轨站,0,当地网红的轻轨站，轻轨列车从大楼中穿墙而过。,image/100j0a0000004cvlf84F6_D_256_180.jpg
9,2021009,二厂文创公园,0,二厂文创公园又叫鹅岭二厂，位于重庆市渝中区，前身是重庆印制二厂，可以说曾是西南印刷工业的彩印巨头。随着时代的发展，曾经轰鸣的机器渐渐停歇，二厂逐渐淡出人们的视线，老厂房还保留了独栋旧楼原有的风貌，充满了文艺气息，是年轻人喜爱的地方。园区有两个广场、四条街巷、近十栋厂房，分布着艺术家工作室、设计室、博物馆、公共体验空间等，极具个性和风格。电影《从你的全世界路过》里面的电台，就是在这里31号楼天台取景拍摄的。站在天台，可将两江尽收眼底。,image/10051f000001gsu417772_D_256_180.jpg
10,2021010,长江索道,18,长江索道，已经成为了游客在山城的必游项目。索道起于渝中区长安寺（新华路），横跨长江至南岸区的上新街（龙门浩）。乘上索道，滑向江对岸，一路可见近在咫尺的钢筋森林、长江以及江北南岸区的风光。“不览夜景，未到重庆”，乘坐全程约千米的长江索道，是近距离俯瞰重庆夜景的不错体验。灯火辉煌的渝中半岛、璀璨夺目的滨江路、波光粼粼的长江水、流光溢彩的跨江大桥，交相辉映。如果你在蒙蒙细雨之夜，乘坐长江索道看夜景，还可欣赏到一幅水墨淡彩的《巴山夜雨图》，巴山雨态，水墨中的城市山林。长江索道也成为众多影视剧在重庆取景的必选地，代表作有：2001年《周渔的火车》、2006年《疯狂的石头》、2006年《好奇害死猫》、2007年《门》等影片，以及综艺节目《极限挑战》等。,image/100u1f000001gq9gh4C9B_D_256_180.jpg
11,2021011,长嘉汇弹子石老街,0,,image/10031f000001gs25w8CAF_D_256_180.jpg
12,2021012,解放碑步行街,0,解放碑步行街是重庆较为繁华的商业圈，这里百货公司、酒店数量众多，是购物、美食和走走逛逛的好去处，更是打望重庆美女的好去处。步行街位于渝中区，以解放碑为中心，包括周边的民权路、邹容路和八一路等。美食、购物、打望美女商场多，小吃多，美女多，是步行街“三多”。你在这里可以逛逛“高大上”的美美时代百货、大都会广场，也有比较平民的重庆百货大楼和太平洋百货；在步行街上你几乎能吃到所有的重庆美食，这里有八一路好吃街，便宜又好吃的酸辣粉、山城小汤圆和抄手都能在这里找到。而当你步行街上闲逛时，没走几步，就会有一位身材高挑，皮肤白皙的重庆美眉从你身边闪过。作为重庆甚至是中国西部地区繁华的商业街，无论你是重庆本地人，还是来重庆的游客，在步行街都能找到属于自己的快乐。解放碑：纪念抗战胜利的纪念碑步行街上的解放碑，是纪念抗日战争胜利的纪念碑。步行街附近还有能仁寺、罗汉寺等景点。解放碑步行街及周边还是游客在重庆住宿的主要选择之一，这里有洲际酒店、也有性价比很高的经济型酒店。,image/CggYHlZWycKAKCR_AFSnDSIYewY884_D_256_180.jpg
13,2021013,千厮门大桥,0,千厮门大桥连接了重庆市渝中区与江北区，横跨了嘉陵江，位于洪崖洞旁边，可以直接从大桥走到洪崖洞的楼顶，在嘉陵江大桥上拍摄洪崖洞是不错的位置，建议可以把大桥和洪崖洞连起来一起游玩。晚上的千厮门大桥真的很壮观，灯火通明，横跨在嘉陵江之上，像一条红色长龙一样。在嘉陵江大桥上还可以拍摄重庆各个方向的城市景观以及解放碑CBD全景，非常适合风光照片以及游客照。,image/100h1f000001gruvdD3F6_D_256_180.jpg
14,2021014,鹅岭公园,0,鹅岭原名鹅项岭，位于重庆市渝中区长江一路。地处于长江、嘉陵江南北挟持而过的陡峻狭长山岭上，因其形似鹅之颈项，故而得名。环抱重庆半岛的两江在这里距离最近。鹅岭公园背倚山城，处于重庆半岛最高处，高挑出世。园内瞰胜楼(两江亭)高耸九重，登楼远眺，两江风光尽收眼底，雄、险、旷、秀。夜观灯海，更是别有一番风味。,image/100s1f000001gx75uF7E9_D_256_180.jpg
15,2021015,磁器口古镇,0,来磁器口古镇，这个当年热闹的水陆码头，踩踩青石板路，品尝当地的美食小吃，找个茶馆坐坐，感受下老重庆的风土人情。因为距离市区很近，如今的古镇也是市民休闲娱乐的好去处。根据指示牌游玩即可古镇有十几条街巷，两旁边都是明清风格的建筑，古镇不大，根据指示牌步行游览完全没有问题。虽然游客眼前的一切，都是近年来重新翻新的，不过这并不影响你在这里感受“老重庆”。镇上有不少景点钟家院、通家院等是古镇中典型的川东山地民居，值得一看。镇上的宝轮寺，有千年历史，可以敬香祈福。街边还有不少茶馆，找一家坐坐，当年的水手、袍哥大爷等都喜爱出入此间。喝茶的同时，有机会欣赏到当地的民间艺术，如：川剧坐唱、四川清音等。当地知名小吃：陈麻花古镇内能够品尝到很多当地的美食和小吃。毛血旺、千张皮和椒盐花生是镇上的“美食三绝”。更出名的是“陈麻花”，镇上有很多家“陈麻花”，哪家最正宗？可以看看哪家门店前排队最长。古镇距离歌乐山的白公馆、渣滓洞不算远，可以一并游玩。,image/100o1f000001gp3ou6D63_D_256_180.jpg
16,2021016,渣滓洞,0,渣滓洞，位于重庆市郊歌乐山下，三面环山，地势隐蔽，原为人工采煤的小煤窑，因渣多煤少而得名，1938年开始被改造成秘密监狱，用来关押和迫害革命者，其中包括著名的革命烈士江竹筠（江姐）。分为内、外两院渣滓洞看守所分内、外两院。内院有16间男牢，2间女牢。在这里你可以看到当年的标语，如：“青春一去不复还，细细想想”、“认明此时与此地，切莫执迷”“迷津无边，回头是岸”。恐怖的刑具外院是特务们的办公室和刑讯室。刑讯室内有审讯台、铁锁链、竹签、辣椒水、老虎凳等刑具用品。在外院的墙上，写着“长官看不到、想不到、听不到、做不到的，我们要替长官看到、想到、听到、做到”等标语。渣滓洞不远处就是白公馆，可以乘坐当地的三轮摩托车前往，车费约5元/人。,image/CggYG1Yx1YWAO-oRAB3Os74pZlU731_D_256_180.jpg
17,2021017,白公馆,0,白公馆，原为军阀白驹的别墅，也是小说《红岩》的原型地之一，真实再现了当年那段残酷的囚禁生活。关押过小萝卜头白公馆曾经关押过：抗日爱国将领黄显声，同济大学校长周均时，徐林侠夫妇及幼子（就是小萝卜头）等。1943年中美特种技术合作所成立后，白公馆改为招待所，其关押人员被迁往附近的渣滓洞，1947年4月回迁。革命者大部分被杀害1949年10月，新中国成立的消息传到了这里，革命者欣喜若狂。被关押在白公馆监狱的罗广斌、陈然、丁地平100多人难平心中的激动，他们用一床红色的被单和几个纸剪的五角星做了一面红旗。红旗做好以后被藏在牢房的地板下，胜利的前夜，除了罗广斌同志脱险以外，其他同志全部光荣牺牲。,image/CggYHFYx1n2AEhLhACHT2206rBU512_D_256_180.jpg
18,2021018,马房湾66号七彩巷,0,,image/01A491200044a70pt4269_D_256_180.jpg
19,2021019,海棠烟雨公园,0,海棠烟雨公园位于长江之滨的南滨路，依山傍水，横贯东西。这里车水马龙，游人如织，热闹非凡，在这条锦缎般的南滨路上，犹如镶嵌着一颗璀璨夺目的明珠。海棠烟雨公园由植物带、雕塑群、观景木平台、中心广场、瀑布等组成，公园下层的酒吧一条街更是风情万种。景区内还建有重庆民族风情的浮雕，十大名花木浮雕，刻有大量诗词歌赋。最著名的这里拥有国内最大的音乐喷泉，能够一览水世界的精彩。,image/100l1f000001gqg4j2E88_D_256_180.jpg
20,2021020,武隆天生三桥,0,武隆天生三桥，属于典型的喀斯特地貌，罕见的地质奇观旅游区，也是电影《满城尽带黄金甲》和《变形金刚4》的取景地。景区位于武隆县仙女山镇，游客一般是在仙女镇的游客中心购票后，乘坐景区提供的环保车到达景区。三桥夹两坑武隆天生三桥由天龙桥、青龙桥、黑龙桥三座天生石拱桥组成，是亚洲最大的天生桥群。三座桥横跨在羊水河峡谷之上，石桥的跨度和距离峡谷底部均在百米以上。三座石桥将峡谷两岸的山体连在一起，形成了“三桥夹两坑”的奇特景观。石桥之间所夹的坑，也称为“天坑”。游玩路线游客进入景区后，可以乘坐观光电梯下到谷底（电梯费用包括在门票内）的天坑中，再沿着坑底幽静的小道步行游览。此时环顾四周，满目苍翠，有溪水流淌；抬头仰望，四处是悬崖万丈，有山泉从上飞泻而下。电影场景在天龙桥附近的天坑中，建有仿唐建筑“天福客栈”，就是张艺谋导演的《满城尽带黄金甲》的外景地，这座客栈耗资千万。这里还是《变形金刚4》的中国取景地，如今景区内还有电影中机械怪物的造型。乘坐环保车去龙水峡游玩后，你可以走到景区出口，途中有一段上坡路，也可以乘坐电瓶车到出口。游客在景区出口，可以乘坐环保车回到镇上的游客中心，或者在这里乘坐环保车前往附近的龙水峡地缝继续游玩（需要先购买地缝的门票才能乘车前往）。,image/100r1f000001gon4z4B71_D_256_180.jpg
21,2021021,龙水峡地缝,115,龙水峡地缝，由千万年前造山运动而形成，壁陡峡深，是典型的喀斯特地质奇观，在这里可以感受地下穿行的乐趣。地缝位于武隆县仙女山镇境内，与天坑景区（天生三桥）相距很近，可以同一天游玩。大部分游客从仙女山镇的游客中心出发，先游玩天坑景区，然后在天坑景区出口处，乘中转车前往地缝景区（需要先购买门票），你也可以从游客中心直接前往地缝景区。地缝峡谷长5公里，可游玩路段约2公里，由入口地缝、中途穿洞、出口地峡三段组成。峡谷深200至500米不等，两边悬崖千仞、岩壁绝险。谷内原始森林茂密，飞瀑溪流不绝、气势磅礴。乘坐观景电梯下到半山腰，再沿着山壁上的台阶逐步走下地缝谷底，沿着奔腾的地下暗河前行，沿途时有飞瀑喷薄而下，汇入脚下的暗河中。峡谷两侧是嶙峋的山石，仰头则只见一线天光。沿着山壁上的栈道缓缓前行，经过穿洞区域。洞内石钟乳密布，形态各异，美轮美奂。继续前行，峰回路转间既来到峡谷出口。在景区出口处，可以乘坐中转车回到仙女山镇的游客中心，行程约20分钟左右。,image/10051f000001gstlsF9FD_D_256_180.jpg
22,2021022,龙门浩老街,0,龙门浩老街——龙门浩历史文化街区总用地面积540亩，总建设规模18万平方米，是重庆主城区保存较完好、规模较大的历史文化老街。包含枣子湾、米市街、下浩、周家湾、觉林寺、董家桥、葡萄院、望耳楼、马鞍山、建业岗等显著地点。,image/010551200086wik5cED91_D_256_180.jpg
23,2021023,南山一棵树观景台,20,南山一棵树观景台位于重庆南岸区南山上，包括一棵树观景亭和野外休闲区，可同时容纳上千人，是观赏山城夜景的最佳地点之一。站在观景台上，远远望去，重庆渝中区万家灯火；环抱的两江，流光溢彩；飞跨的长桥，轮廓清晰；层见叠出，错落有致，色彩缤纷的整座城市，在夜空的衬托下美轮美奂，光彩夺目。,image/CggYHFY8WYaAQzCIAB4j2fcIL1I819_D_256_180.jpg
24,2021024,南滨路,0,重庆南滨路处于重庆市的中心地位，它北临长江，背依南山，可观最美渝中夜景；历史悠久的巴渝文化、宗教文化、开埠文化、大禹文化、码头文化、抗战遗址文化如珍珠般遍布沿线，使南滨路获得了“重庆外滩”的美誉。南滨路旅游观光区集防洪护岸、城市道路、旧城改造和餐饮、娱乐、休闲为一体的城市观光休闲景观大道。南滨路除了举办各式各样的美食节、具有重庆特色的火锅节，还举办充满时尚文化气息的大型活动。,image/100o1f000001gp4ffE5DE_D_256_180.jpg
25,2021025,钟书阁,0,走进店里，马上就可以体会“钟书”的含义，两层楼面，上上下下、四面八方都是书，连门厅的地下(铺着玻璃)、楼梯一侧等等，都放着书，层层叠叠，密密麻麻。书店自然要营造满目皆书的视觉效果，但这里所有的大空间都被分隔成一间间带有不同主题的小书房，显得非常精致，体贴。而且每个房间设计都很独到，富有艺术气息，令人产生在大英图书馆阅读的错觉。讨论室、小画廊、写作室、咖啡室等休闲区都被安排得周到而合适，很有节奏感。独特的建筑装修风格，安静的文化氛围，它被读者称为“最美的书店”，看来是当之无愧的。,image/100g1f000001gqx0u4D22_D_256_180.jpg
26,2021026,朝天门广场,0,朝天门广场，位于重庆市渝中区的东北部，渝中半岛的顶端，这里地处长江和嘉陵江的汇流处，站在广场中，两江三地的景色尽收眼底。朝天门广场的前端，碧绿的嘉陵江水与褐黄色的长江水汇合；东面是江北区宏伟的重庆大剧院；西面是南岸区灯火辉煌的南滨路。广场还是当地市民的休闲场所，天气好时，有不少人在这里放风筝。朝天门，原为老重庆规模最大的一座城门，称为“古渝雄关”，是古代重庆地方官吏迎接皇帝圣旨的地方，1927年城门被拆除。如今，当地政府准备把这里打造成“新重庆”的标志之一，具有国际时尚性的区域。朝天门广场附近的码头，是夜游两江的出发地。,image/100o1f000001gp3758CD8_D_256_180.jpg
27,2021027,夜游两江,0,不览夜景，未到重庆。重庆两江游夜景，巧妙地将重庆山水与闻名天下的重庆夜景相结合。在游船上观赏重庆夜景，迎着习习江风，举目远望长滨路、嘉滨路绚丽的城区，色彩斑斓的灯光倒映在江中，流光溢彩格外诱人，沿江高低不同的建筑，在灯光的照耀下错落有致。金碧皇宫号，豪华级游轮，音响、灯光、投影仪设备齐全，有超大甲板贵宾厅等，多个豪华的江景包房。“朝天门”游轮，是精心打造的豪华游轮，是“朝天宫”游轮的升级版，在功能上也趋于完善。,image/01A2a32153o1fe1tcED33_D_256_180.jpg
28,2021028,涂鸦一条街,0,,image/100r1f000001goqixAA28_D_256_180.jpg
29,2021029,皇冠大扶梯,2,皇冠大扶梯位于渝中区两路口的皇冠大扶梯，是重庆这座山城的特色交通之一，扶梯一头连着皇冠大厦，一端是菜园坝火车站。扶梯全长约112米，运行时间约2.5分钟。皇冠大扶梯的速度比一般扶梯快很多，加上30度的倾斜角度，在视觉上非常的刺激。电视娱乐节目《极限挑战》曾经在这里拍摄过。,image/100u1f000001gq9ok26DD_D_256_180.jpg
30,2021030,懒坝国际禅境艺术度假区,0,坐落于蜿蜒流淌的乌江北岸，与白岛山遥遥相望，常年云雾环绕，林木青翠、海拔1025米，全年平均气温15℃，具有高浓度的负氧离子，是理想的天然氧吧。度假区一期拥有集结奇异花卉的大地艺术花园、休闲娱乐的懒人村落以及贯穿整个景区的武隆懒坝国际大地艺术季，涵盖爱的小径、漂浮的岛屿、心跳博物馆、竹音剧院、泥土绘馆等20多个景点，是一个以自然风貌为基底，以当代艺术为驱动，融观光旅游、国际人文、休闲养生于一体的创新形全域文化旅游景区。,image/350k17000001194j095D6_D_256_180.jpg
31,2021031,重庆两江名流汇 ,0,,
32,2021032,八一好吃街,0,,
33,2021033,两路口皇冠大扶梯,2,,image/01A6a120006ay86toF76D_D_256_180.jpg
34,2021034,南滨路钟楼,0,重庆南滨路因汇集了天南地北的美食和瑰丽的滨江风光而成为了重庆一张亮丽的名片。而钟楼这张亮丽的名片上又增添了浓墨重彩的一笔。此处俨然成了人们休闲和观赏渝中半岛风光和长江、嘉陵江两江交汇景色的绝美之处。,image/100o1c000001dsdjiD6A2_D_256_180.jpg
35,2021035,凯旋路电梯,0,,image/10031f000001gs1rkE48B_D_256_180.jpg
36,2021036,WFC会仙楼观景台,0,WFC会仙楼观景台位于交通便利的渝中区解放碑重庆环球金融中心73/74层，乘坐高速电梯约52秒即可到达顶端。游客在观景台可俯瞰两江交汇及渝中半岛全景，享受视觉盛宴。建筑高约339米，傲立渝中半岛，比传统的南山观景台高出近100米。在这里360°环形玻璃幕墙同时可俯瞰两江交汇、十四座横跨桥都重庆的大桥以及立体都市全景，感受3D魔幻山城独有的地理奇观和重庆日新月异的盛况。夜幕降临后，观景台更是与江北大剧院、南滨路、南山等标志性建筑景观遥相呼应，是欣赏山城夜景的好地方。受重庆多雾天气影响，在观景台也有机会观赏罕见的云海景观，徜徉其中，犹如云中漫步，遨游仙境。,image/100l1f000001gqgnr55BC_D_256_180.jpg
37,2021037,重庆两江游,0,不览夜景，未到重庆。重庆两江游巧妙地将重庆山水与闻名天下的重庆夜景相结合。在游船上观赏重庆夜景，迎着习习江风，举目远望长滨路、嘉滨路绚丽的城区，色彩斑斓的灯光倒映在江中，流光溢彩格外诱人，沿江高低不同的建筑，在灯光的照耀下错落有致。而且现在还开通了白天的游船班次，除了可以欣赏重庆夜景，现在还能欣赏白天的重庆特色的景观地标。,image/100o1f000001gp2747A82_D_256_180.jpg
38,2021038,梦幻奥陶纪景区,220,"梦幻奥陶纪景区位于重庆万盛，距重庆主城1.5小时车程，位于重庆万盛黑山之巅，海拔1300米，拥有无以伦比的自然景观资源和独特的喀斯特地形地貌。景区以五大类项目为核心全力原创打造，包括有高空极限类、高空刺激类、高空体验类、游乐趣玩类、自然景观类。各种创新的“悬崖、高空、刺激、惊险项目”成就了景区的独特疯狂刺激，更成就了奥陶纪景区全球独树一帜的原创悬崖景区。奥陶纪拥有吉尼斯世界纪录的“天空悬廊”,获得“最长的悬挑空中玻璃走廊”称号！还有被评为“全球九大最惊险高空项目”之一的“极限飞跃”；更有刺激至极的18米、21米 “悬崖恐怖秋千”；以及在300米的悬崖之上急速上下的“悬崖跳崖机”；享天空中飞翔之感的“高空速滑”；悬挂半空没有回头路的“丛林飞跃”等几十项高空挑战项目，成为了“胆小者的挑战、勇敢者的乐园”，人生必挑战一次的特色悬崖景区。  景区的儿童欢乐谷、梦幻冰雪王国、恐龙冰雪世界等游乐项目也一定会让你和孩子们童心绽放！此外，景区陆续新增如悬崖自行车、悬崖蹦极、火箭蹦极、跳崖机等高空刺激项目和以及正在修建的悬崖飞车、高空蹦极等，让你疯狂嗨玩，爱刺激就来奥陶纪！此外景区拥有完善的配套设施，包括可住宿酒店—梦幻小镇、餐饮街、温泉等配套项目，形成了集高空挑战、自然观光、实景表演和餐饮住宿为一体的综合性景区，让您在挑战自我、体验惊险刺激之余，放松心情，来一次愉快的度假旅行。",image/100p1f000001gpde504A6_D_256_180.jpg
39,2021039,观音桥步行街,0,观音桥步行街地处重庆市江北区，是重庆著名商圈之一。商圈内有新世界百货、新世纪百货、大融城等众多的百货公司。来到这里，你不但能够满足购物的向往，还能有不少餐厅店供你选择。如今，这里也是重庆八大新地标之一、中国十大著名商业步行街之一。,image/100h1f000001grtiuBC25_D_256_180.jpg
40,2021040,重庆洪崖洞,0,洪崖洞重逢1980街区位于洪崖洞五楼，以“故城·故事、重庆·重逢”为主题，围绕重庆市井气和老巷场景文化，真实还原80、90年代市井百态，电影级的置景水准让人“一秒穿越回80、90年代”——5路电车、山城宽银幕电影院、坝坝茶、Disco广场等复古场景重现，更有非遗匠人、年代舞团、街机游戏、网红演艺等互动。街区内山城宽银幕电影院还设有《寻找邓丽君》全息MR互动音乐秀，可实现裸眼3D观看邓丽君“亲自”演唱经典歌曲。,image/0104h120008461ccb1C12_D_256_180.jpg
41,2021041,人民大礼堂,10,"人民大礼堂位于人民路，建于1950年代，是一座精美的仿古民族建筑群，也是重庆的标志建筑物之一。大礼堂采用了明清的建筑特色，传统的中轴线对称，在外观上仿造北京天坛祈年殿。大礼堂最初建设时曾命名为""西南军政大会堂""，建成后即正式命名为""西南行政委员会大礼堂""，1955年改名""重庆人民大礼堂""至今。大礼堂现在是剧院和会议中心，是重庆人代、党代会召开的地方。重庆设立直辖市后，大礼堂前改建为有草坪与喷泉的人民广场。夜晚，大礼堂在灯光的照耀下，非常漂亮，有很多当地大妈，在礼堂前的广场上跳舞。大礼堂对面是中国三峡博物馆，可以一并游玩。",image/10081f000001gqg9o5496_D_256_180.jpg
42,2021042,湖广会馆,0,湖广会馆又名禹王庙，是广东公所、齐安公所、禹王宫等古建筑群的统称，始建于清乾隆二十四年（1759），是当年湖北、湖南在渝商人的聚会之所。会馆内的戏楼戏台中，拥有精美的环楼木雕，非常精美，值得一看。历史上的重庆贸易发达，吸引了大量外地商人进入，各地商人纷纷在重庆开设会馆，昔日重庆有著名的八省会馆之说。其中建筑最宏伟气派的要数财力雄厚的湖广会馆和江西会馆。这两大会馆和相毗邻的广东会馆都在商业集中繁华的下半城的东水门内，形成庞大的建筑群，现今合称湖广会馆。湖广会馆建筑中的浮雕镂雕十分精湛，特别是在禹王宫、广东公所和齐安公所内的戏楼中，题材主要为西游记、西厢记、封神榜和二十四孝等人物故事的图案，每个故事旁边都刻有寓意福气的蝙蝠、花草、瑞兽等。会馆内还设有重庆湖广填四川移民博物馆，它馆内再现了人类移民史上一次极为重要的移民浪潮——湖广填四川移民。这次移民的过程，对日后川渝地区文化经济生活产生了重要的影响。,image/100g1f000001gqwys30A4_D_256_180.jpg
43,2021043,两路口大扶梯,2,皇冠大扶梯位于渝中区两路口的皇冠大扶梯，是重庆这座山城的特色交通之一，扶梯一头连着皇冠大厦，一端是菜园坝火车站。扶梯全长约112米，运行时间约2.5分钟。皇冠大扶梯的速度比一般扶梯快很多，加上30度的倾斜角度，在视觉上非常的刺激。电视娱乐节目《极限挑战》曾经在这里拍摄过。,image/100u1f000001gq9ok26DD_D_256_180.jpg
44,2021044,两江国际影视城,20,重庆两江国际影视城（原民国街），以“民国历史”、“巴蜀特色”为主题的特色街区，在渝北区两江新区所属的龙兴工业园区内。景区内重现了民国时期重庆的著名建筑和景致，有国泰戏院、新华日报、馨雅咖啡、皇宫照相馆，还有一些具有旧重庆特色的博物馆、酒吧、商店、火锅博物馆、相机博物馆、民国主题酒吧等。冯小刚执导、重庆电影集团首部投资的影片《一九四二》以该街道作为重要取景地。,image/10051f000001gsq002CEA_D_256_180.jpg
45,2021045,铁路四村,0,铁路四村位于长江边，毗邻重庆九龙坡区四川美术学院黄桷坪老校区，从学院向下走过梯坎就是入口。这里有老房子、废弃的铁轨、绿皮火车铁路等老城元素，是一个宁静又有电影感的网红拍照地。进入铁路四村，走过一条窄窄的小巷子，你会看见两三条铁轨，铁轨两旁是一座座破旧的老房子，横在头顶上错综复杂的电线、长满了青苔的屋顶，还有晾着花床单的坝子，浓烈的市井烟火气息像极了生活节奏很慢八十年代。再往铁路村深处走，就来到了有名的铁路轨道分叉口，视线瞬间变得开阔。铁路轨道流畅的弧线在村里向两边分开，两边的房屋紧靠铁路，风景十分独特。在这里除了可以拍摄一些怀旧风格的铁轨照片，还有一处老重庆文化会客厅——军哥书屋。书屋里大多是重庆历史、交通、经济等书籍，年代久远，有的书页封面早已泛黄，书架中间摆放着茶桌，你可以坐着喝茶、聊天、看书。,image/1A0w15000000yock26331_D_256_180.jpg
46,2021046,重庆大剧院,0,,
47,2021047,重庆长江大桥,0,重庆长江大桥又名石板坡长江大桥，位于重庆渝中区石板坡和南岸区黄葛渡立交之间。是连接渝中半岛和南岸区以及长江南北两岸省区市的一条重要交通要道，也是重庆通往我国南方的一条重要出口通道。这是重庆市横跨长江的第一座公路大桥，也是长江上游的第一座公路大桥。于1980年7月1日建成通车。 主跨度174米，属于T型刚构桥。重庆长江大桥横跨长江风姿雄伟，已成为重庆的著名景点之一。,image/100a1f000001grn032B91_D_256_180.jpg
48,2021048,朝天门大桥,0,朝天门大桥，于2009年4月29日正式通车。大桥连接解放碑、江北城、弹子石三大中央商务区，大桥位置是在溉澜溪青草坪。该桥为钢桁架拱桥形式，两座主墩，主跨达552米，成为“世界第一拱桥”。大桥分上下两层。上层为双向六车道，行人可经两侧人行道上桥；下层则是双向地铁轨道，并在两侧预留了2个车行道，可保证今后大桥车流量增大时的需求。大桥西接江北区五里店立交，东接南岸区渝黔高速公路黄桷湾立交，全长1741米，是主城一条东西向快速干道。,image/100q1f000001grm7eFCF7_D_256_180.jpg
49,2021049,魁星楼,0,魁星楼始建于清代道光八年（1828年），由当时任承德知府海忠，为佑一方文化昌盛而建，因主奉道教之神“开文运点状元”的魁星神而得名，是全国最大的供奉魁星的道观。魁星楼主体建筑依山就势，龙门、中斗宫、荣仕殿、乐真殿、弘文殿、魁星楼等楼廊殿宇，气势宏伟，慧石名泉隐现其间，铁锁栈道临崖设置，于半壁山巅置七星石灯设坛，勺柄依然。入夜，魁星楼万盏齐明，楼宇辉映，现成为承德市唯一一处夜间开放的旅游景点。登上半壁山之巅，临风远眺，一览承德全貌，观山城万家灯火，畅怀舒心，美不胜收。魁星楼是承德最大也是唯一的道观、道教活动场所，并定期举办大型道场和庙会，每晚定时演出与古代科考相关的文艺节目。,image/100p1f000001gpf946A24_D_256_180.jpg
50,2021050,重庆白象街,0,白象街是一条重庆老街，长约425米，宽不到10米位于望龙门和太平门之间。相传，那城墙边原来有一巨石，像一头象，取名白象。白象在北岸，而南岸又有狮子山，于是就有“青狮白象锁大江”的说法。其实，那一带江面宽阔，“白象”靠上游，“青狮”靠下游，并没有完全相对，也就不可能“锁”了大江。那“白象”石下原有一池，取名白象池。不过，早在清乾隆年间，白象池就已经废了。辛亥革命之前，重庆城中心的下半城，也就是现望龙门、太平门那一带。于是，那“白象”附近就形成街道，因这“白象”就叫白象街了。白象街东北接望龙门，西南接太平门，又靠近官府衙门，随着重庆的水运交通的发展，商贾船家运货来到重庆，少不了要和官府打交道，于是，在那一带就修起了不少货栈、商行，白象街也就日益繁荣。重庆开埠后，外国商人被限制在南岸，不经许可不能到城里来。但外国商人又不能不办事，于是就有了买办。白象街在太平门内，靠近官府，于是就被各种买办、商行当做办事处驻地。因此，白象街就有了重庆城最早的洋房子。那些洋房子又吸收了中国传统建筑的一些优点，例如大多都采用了花格门窗，雕刻镂空，相当精致。在相当一个时期内，白象街都是重庆城建筑最豪华的街道。,image/100h1f000001grwnq7ACB_D_256_180.jpg
51,2021051,军哥书屋,0,,image/1A0v1a0000019z7p73FA7_D_256_180.jpg
52,2021052,万盛梦幻奥陶纪主题公园-观景台,220,,
53,2021053,大足石刻,115,大足石刻，是重庆市大足区境内以佛教题材为主的摩岩石刻（石窟）的总称，包括宝顶山、北山、南山、石门山、石篆山等处，在这里可欣赏到保存较好的唐、宋时期的石刻造像艺术。宝顶山与北山石刻最集中石刻群中，较为集中的是宝顶山石刻和北山石刻。宝顶山和北山石刻分别售票，也可以购买联票，两者相距十几公里。石刻群的其余的三个景点，地处比较偏僻或者还未对外开放。宝顶山石刻位于大足城区东北约15公里处，由南宋名僧赵智凤主持营建。有大、小佛湾等共十三处景观，以大佛湾石刻造像规模最大。这里有多幅生活场景和佛经中的故事，其中以大佛湾的“六道轮回图”和小佛湾的“十恶罪报图”最为独特和直观。北山石刻北山石刻位于大足城区以北约2公里，开凿于唐代，止于南宋时期。北山石刻的佛像小巧玲珑，体态多变，呈现出由唐至宋的过渡风格。如第53号佛像，既有唐代雕刻的丰满古朴，又具宋代造像的修长身躯；第281号的东方药师净土变相，薄衣贴体具有唐代风范，仪容秀丽又是宋代石刻的特点。此外，北山石刻中的碑碣也非常珍贵，比如：刻于公元895年的《韦君靖碑》，具有补唐史的重要价值；刻于公元1163-1189年间的《赵懿简公神道碑》，是宋代书法家蔡京所书，是书法艺术中的珍品。,image/0103j1200075x1yqy2B8F_D_256_180.jpg
54,2021054,天福官驿,0,天福官驿也称“天福驿站”，在天生三桥景区内天龙桥附近的坑底。驿站始建于唐武德二年（619年），是一座青瓦灰墙的古色古香的四合院，是张艺谋拍摄电影《满城尽带黄金甲》时耗资千万复建的。《满城尽带黄金甲中》，那场在天福官驿的追杀戏份，就是在这里拍摄的，影片中刺客从周围的绝壁上直落而下，官驿中的人如瓮中之鳖，无路可逃。驿站内有一间关于电影《黄金甲》的陈列室，室内陈列着衣服电影中的道具盔甲。驿站内还有一间小邮局，可以购买明信片在这里寄出。,image/100k1f000001guhayE168_D_256_180.jpg
55,2021055,三峡博物馆,0,三峡博物馆位于重庆人民广场西侧，馆内收藏有巴蜀青铜器、汉代雕塑艺术品等各类文物上万件，展示了这座山城的发展历史。馆内的《壮丽三峡》展厅里，还收集了大量三峡库区的实物，真实再现了三峡原貌。博物馆建筑正上方漏斗型的圆形穹顶很像一个巨大的承露盘，取“三峡之水天上来”之意。外墙以大面积的蓝色玻璃和古朴的砂岩构成，蓝色玻璃象征着水，而砂岩外墙则代表着山。三峡博物馆共分四层，主要由360度环幕电影、4个基本陈列（《壮丽三峡》、《远古巴渝》、《重庆·城市之路》、《抗战岁月》）和6个专题陈列等组成。一楼的360度环幕数码电影，展示了库区蓄水前三峡的自然风光、人文风情，是对三峡风貌的永久纪念。《壮丽三峡》展厅里收集了大量三峡库区的实物，真实再现了三峡原貌。二楼的《远古巴渝》展示了重庆古老的文明，追溯其3000年文化的根源，《重庆·城市之路》则是以大量的文物资料展示出重庆近百年来的城市变迁。三楼的“重庆大轰炸半景画陈列馆”，通过现代科技手段及雕塑、油画作品等形式，再现了重庆大轰炸的历史事件。《抗战岁月》以诸多详实的资料，展示出重庆这座城市和重庆人民为抗日战争作出的贡献与牺牲。四楼的历代书画、瓷器、钱币和汉代雕塑艺术展里，展示了上千件各色珍贵文物，有著名的“说书俑”、“巴渝神鸟”、“乌阳汉阙”等珍贵文物。西南民族民俗风情厅，展示了大西南地区各民族的民俗和文化。,image/100g1f000001gqwqkE8DA_D_256_180.jpg
56,2021056,重庆之眼,0,全球第六高的山顶摩天轮，聚焦所有人的目光，110.5米超大直径，面积相当于一个足球场。在绚烂的灯光和美妙的音乐中，缓缓升上海拔470米的高空，俯瞰嘉陵江岸美景。,image/10021f000001gxehe624A_D_256_180.jpg
57,2021057,重庆两江游-朝天系列,0,"（一）“朝天系列”游轮经典游产品经典航线由“长航朝天宫”、 “长航朝天门” 两艘游轮开行。“长航朝天宫”轮乘客定额600人，“长航朝天门”轮乘客定额800人，游轮外观效果以流线型设计动感十足，船体设计为双体船，安全和稳定性更高，舷边观景采用中空幕墙玻璃，形成宽阔的视觉观景效果。 “朝天系列”游轮运行经典两江游产品线路，航行时间45分钟，船舶提供免费WIFI、免费茶水、中英双语广播讲解、巴渝传统节目表演观赏。游轮先后圆满完成多位领导人以及外国元首政要的重大政治任务接待；圆满完成亚洲议会和平协会、亚太城市市长峰会、20国集团财政及央行副手会和市长国际顾问年会等国际国内重大会议接待，使重庆两江游名扬海内外。先后荣获“全国文明客船”、“全国工人先锋号”、“国务院国资委央企先进集体”、“全国交通运输行业文明示范窗口”、“重庆市文明单位”等从中央到地方60余项荣誉称号。（二）“朝天皓月”游轮“金三角”精品游产品2019年4月，重庆长航新一代两江游轮“长航朝天皓月”投入营运，乘客定额500人，游轮采用双体船型设计，外观造型精美，设计高端大气，装饰典雅，为大跨距无支柱设计船舶，四层楼整个大厅内看不到一根支柱，游轮整体为全玻璃、全通透的观景设计，观景效果极为通透开阔。“朝天皓月”游轮运行“金三角”精品游产品线路，因其游览线路呈三角状故命名为“金三角”精品新航线，该线路在传统两江游经典线路上，延伸向长嘉汇、朝天门大桥方向航行，航行时间60分钟，不仅较经典线路增加了近距离观看朝天门大桥、大剧院、长嘉汇、法国水师营等美景，更可以饱览渝中半岛、两江交汇的全景，让游客有更长时间、从更广视角、看更多景点，真正诠释了立体、动态、近距离、全方位的船游特色，其观景体验将更加完整和精彩。船舶提供免费WIFI、免费茶水、中英双语广播讲解、巴渝传统节目表演观赏。""",image/0104f1200003vjlgg94C2_D_256_180.jpg
58,2021058,大悦汤温泉汗蒸生活馆,0,大悦汤温泉汗蒸生活馆是重庆首家斥巨资精心打造集日式温泉，韩式养生汗蒸广场、主题儿童乐园、海鲜自助餐厅、冰雪世界、电玩体验馆、豪华影院、中医理疗、韩式足道、星级客房、扬州三把刀体验基地等，营业面积近万平的综合式家庭娱乐、休闲养生度假温泉。,image/100v1f000001h1b72E3A3_D_256_180.jpg
59,2021059,洪崖洞重逢1980街区,0,洪崖洞重逢1980街区位于洪崖洞五楼，以“故城·故事、重庆·重逢”为主题，围绕重庆市井气和老巷场景文化，真实还原80、90年代市井百态，电影级的置景水准让人“一秒穿越回80、90年代”——5路电车、山城宽银幕电影院、坝坝茶、Disco广场等复古场景重现，更有非遗匠人、年代舞团、街机游戏、网红演艺等互动。街区内山城宽银幕电影院还设有《寻找邓丽君》全息MR互动音乐秀，可实现裸眼3D观看邓丽君“亲自”演唱经典歌曲。,image/0104h120008461ccb1C12_D_256_180.jpg
60,2021060,港渝广场,0,,
61,2021061,马鞍山社区公园,0,,image/01A3m120008a4wot34221_D_256_180.jpg
62,2021062,重庆九街,0,九街位于重庆市江北区观音桥商圈鲤鱼池路48号，是国务院批准设立的“两江新区”江北区核心商业区观音桥步行街的端头，方圆2公里内，内含大型购物中心、电影城、娱乐城、学校、医院、茶餐厅等遍布其中，成熟的周边配套，为夜经济的形成提供了条件。九街以时尚、潮流、炫酷的年轻消费为主要目标客群，以时尚餐饮、主题酒吧、文化娱乐为主的新兴消费业态，形成重庆乃至全国闻名的“夜市经济”的名片，是重庆商业委员会批准的首批特色夜市商业街区。2017年5月，观音桥街道将对不夜九街进行升级，打造大九街复合型特色街区。同时，它不仅拥有重庆丰富的夜生活，而且会成为全天候、游憩式、慢生活的复合型特色街区。,image/10030z000000nl4pf9D24_D_256_180.jpg
63,2021063,space,0,1962年因世博会而设计的太空针塔已成为西雅图地标建筑，在离地520英尺高的地方设有观景平台和旋转餐厅，你可以体验时速16公里的升降机直升塔顶，在白天远眺雷尼尔山，在傍晚欣赏海湾落日，在夜的笼罩下陶醉于城市星光。1. 完美的拍摄取景地太空针塔的高度有605英尺，在离地面520英尺高的观景平台和旋转餐厅，能俯瞰西雅图360度的全景，而围绕其间的雷尼尔山（Mt. Rainier）、奥林匹克国家公园（Olympic National Park）还有普吉特湾（Puget Sound）也都能一览无遗。2. 飞速升降机电脑控制的电梯于1993年改装完毕，速度达到每小时16公里，搭乘电梯从地面到观景平台只需40秒左右，就好像飞速穿越的太空飞船。3. 天空之城旋转餐厅位于顶层的天空之城（Skycity）旋转餐厅每天都会提供各种餐饮，可以一边欣赏美景一边享受美食，而且只要你在餐厅消费，便可免去太空针塔的门票。需要提前预定哦。,image/CggYGVaMcXuAHn8cACGBzc2mJR0522_D_256_180.jpg
64,2021064,百鬼夜行,0,,image/CghzgVW7IASALP0RAABDS_LDdwI261_D_256_180.jpg
65,2021065,staffroom员工间,0,,image/CghzgVW7IASALP0RAABDS_LDdwI261_D_256_180.jpg
66,2021066,凛然·壹角燒肉酒场,0,,image/CghzgVW7IASALP0RAABDS_LDdwI261_D_256_180.jpg
67,2021067,苏荷酒吧,0,,
68,2021068,音乐房子酒吧,0,,
69,2021069,space plus,0,,image/CghzgVW7IASALP0RAABDS_LDdwI261_D_256_180.jpg
70,2021070,中复·北仓文创园,0,中复·北仓文创园位于重庆市江北区塔平55号北仓文创街区，该街区前身是重庆纺织仓库，去年投建，一期占地为10000平方米，建筑面积达4600平方米，风格是上世纪五六十年代工业建筑，改造保留工业文化遗迹原貌，以文化艺术为主体，带动周边消费、娱乐、文化创意和产业孵化等板块，以人文书仓面貌亮相。,image/1A0w1a00000197eq0D42B_D_256_180.jpg
71,2021071,北仓图书馆,0,,image/1A0u1g000001gver334C4_D_256_180.jpg
72,2021072,北城天街购物广场,0,,
73,2021073,黄角坪,0,,image/01A3a120008ae43l06D10_D_256_180.jpg
74,2021074,锦里古街,0,锦里古街是成都知名的商业步行街，由一大片清末建筑风格的仿古建筑组成，拥有众多民居、酒吧、餐饮名店，有名的景点武侯祠也在其中。锦里古街与武侯祠一墙之隔，游客一般会在游玩武侯祠后，来此逛一逛，这里洋溢着成都特有的喧嚣和随意。古街里青瓦错落有致，青石板路蜿蜒前行，街道两旁店铺里摆着许多颇具当地特色的物品，如手工的皮包、五颜六色的布灯笼等，还有众多老成都手艺人制作吹糖画、捏面人。此外，这里各色美食也会令你垂涎三尺，有张飞牛肉、豆花、牛肉焦饼、钵钵鸡等，各具风味。锦里古街在夜幕来临时会亮起大红灯笼，这时酒吧、茶馆热闹非凡。其中比较有名的是莲花府邸酒吧，每晚都有当地歌手来此驻唱，逛累了，可以在这里小憩。,image/CghzflWwyjaATiuxAAv0ZY5x6Jo957_D_256_180.jpg
75,2021075,成都大熊猫繁育研究基地,58,基地内有很多萌萌的大熊猫，你可以近距离的去观赏这些萌哒哒的国宝们。基地位于成都市北郊，距市区约10公里，建设完全模拟大熊猫野外生活环境，建有湖泊、溪流、竹林、草坪等。基地设有众多“熊猫别墅”就是熊猫的封闭休闲场所。内有露天园子和室内休息室，天气凉爽时大熊猫会在园子内玩耍，游人可以隔着栏杆观赏萌萌的大熊猫；天气炎热时，大熊猫就躲在开着空调的休息室内，这时候只能隔着玻璃观看了。,image/100910000000p33rk361D_D_256_180.jpg
76,2021076,宽窄巷子,0,宽窄巷子是成都惟一遗留下来的清朝古街道，由宽巷子、窄巷子和井巷子三条平行排列的城市老式街道及其之间的四合院群落组成。来这里，喝茶、吃火锅，感受成都的闲生活、慢生活和新生活。你可以在这里要一杯蒙山黄芽，与旁边的老爷子摆摆龙门阵；也可以唤一名“舒耳郎”，舒舒服服的享受掏耳朵的惬意；更可以在小吃摊边，面对着琳琅满目的小吃大快朵颐。夜幕下的宽窄巷子也是别有韵味，点醉、白夜、胡里等酒吧，都充满了成都的时尚感，在夜间绽放它的魅力。,image/100r1f000001gon9mBC5D_D_256_180.jpg
77,2021077,歌乐山烈士陵园,0,歌乐山烈士陵园位于重庆市西北部沙坪坝区歌乐山麓。1955年原址修建了烈士公墓和烈士纪念塔。1963年修建陈列大厅，对公众开放，当时定名“中美合作所重庆集中营美蒋罪行展览馆”。1984年改现名。主要由：集中营旧址、烈士群雕、烈士诗文碑林、大型浮雕、烈士墓、陈列总馆组成。,image/100c1f000001gswmy0359_D_256_180.jpg
78,2021078,武隆天坑地缝国家地质公园,50,武隆天坑地缝国家地质公园位于重庆市武隆县境内，长江支流乌江下游，属于典型的喀斯特地貌，宏大的天生桥群、面积巨大的天坑、险峻幽深的地缝。你可以下到百米深的天坑内，向上仰望，四周绝壁如云；也可以去地缝中的谷底，沿着岩壁顺着暗河前行；感受自然的神奇。天坑景区拥有世界上最大的天生桥群和世界第二大的天坑群。这里真正为人所知，是在它成为电影《满城尽带黄金甲》外景地之后。同时这里也是《变形金刚4》的外景地。游览龙水峡地缝时，先乘坐电梯下到半山，再步行到地缝的谷底，沿岩壁栈道顺暗河前行，沿途处处是瀑布、溪流和原始植被。整条栈道全长大约4公里，曲折回转，两边都是峭壁，只有水流和瀑布声。地质主要分为天生三桥和龙水峡地缝两个景区，分别独立售票。在仙女山镇的游客中心，可以买到天生三桥和龙水峡地缝的门票（包含两个景区之间和与游客中心间的交通车）。,image/100l1f000001gqgvp8FBF_D_256_180.jpg
79,2021079,青龙桥,0,青龙桥位于束河古镇内，建于明朝万历年间，至今已经有400多年的历史，几百年的岁月洗礼使它变得古朴苍桑，桥石间生长了杂草，显得有一些斑驳苍老，但却依然保持着庄严厚重的感觉。古桥横跨于古镇内温婉的青龙河上，桥长约25米，高4米，宽4.5米。桥周围的景色也很温婉，束河八景之中的“烟柳平桥”指的就是这里，每年初春时节，桥两侧的杨柳萌发新绿，柳枝如烟似纱摇曳在桥边，仿佛绿色的波浪要涌到桥面上来，此时也是在这里拍摄美景的好时机。,image/100o0w000000kqgj16130_D_256_180.jpg
80,2021080,成都远洋太古里,0,,
81,2021081,IFS国际金融中心,0,,
82,2021082,春熙路,0,春熙路是成都的时尚中心、也是当地美食和美女的集中地。来这条成都最具代表性的商业步行街逛逛，吃吃东西，看看养眼的美女，是来成都必做的一件事。春熙路不仅仅是一条街，而是指北新街以东、总府路以南、红星路以西、东大街以北、南新街、中新街及其临街区域。外地人来到成都，如果不逛逛春熙路，就好比到北京不去王府井，到上海不到南京路一样会非常遗憾。春熙路街道两边，百年老店、时尚商场、品牌专卖、美味小吃店云集，钟水饺、赖汤圆、韩包子、龙抄手等名吃在春熙路上都有分店。周末，这里也是成都市民休闲的绝佳去处。春熙路还是打望成都美女的最好时机。而周末的春熙路，则是一场美女云集的盛会。春熙路主街的交汇处是著名的中山广场，屹立着孙中山铜像。北口还有用花岗石雕制而成的成都风俗浮雕艺术墙，描绘了唐代成都的庙会、花会、灯会、采桑等各个景观。,image/100410000000owden3387_D_256_180.jpg
83,2021083,杜甫草堂,60,唐代著名诗人杜甫流寓成都时的故居。杜甫在此居住近四年，创作了上百首诗歌，这里因此被视为中国文学史上的“圣地”。现今的杜甫草堂是经宋、元、明、清多次修复而成。草堂位于成都市西门外的浣花溪畔，园内亭台林立，古木参天。从正门进入后，大廨、诗史堂、工部祠三座主要建筑物由南至北依次排列于中轴线上。工部祠的东北部，是少陵碑亭和大诗人当年的茅屋故居，茅屋以东是盆景园，往南依次是浣花祠、花径、大雅堂和靠近南门的草堂陈列室。标志性景观——茅屋故居茅屋故居，是借鉴川西民居的特点复建的，成为了杜甫草堂的标志性景观。茅屋东侧的盆景园内，有1999年建成的“杜诗书法木刻廊”，陈列着百余件杜诗书法木刻作品，其中有“杜诗绝唱、书法绝品、楠木绝材、刻工绝活”等四绝。草堂有三个门，其中正门和南门都位于草堂的南部，北门位于西北部。正门和南门相距不远，游人多从这两个门出入。,image/100g1f000001gqx6o46E3_D_256_180.jpg
84,2021084,人民公园,0,中华礼乐城又名“周城”，是一个以周文化为核心元素的主题公园。礼乐城以周代王城为原型，用高科技手段重新演绎的风、雅、颂，再现周代礼治天下的盛世文明。礼乐城内周礼文化主题公园占地600亩，以湖为中心，有天下第一灯、周赋、周颂、乐府、奇石园等十大文化看点，融雕塑、音乐、舞蹈等艺术为一体，完美体现了盛世西周时的万千气象。这里有大型实景乐舞《周颂》演出，以其独特、精致、神秘、奇妙等，给人以目不暇接、美不胜收的视觉和听觉享受。让更多的人有机会零距离接触周文化，了解周文化，感知周文化的博大精深，使沉睡了三千年的古老文明再一次鲜活地呈现在世人面前。八音长廊以周代编钟为主体元素，是中国第一条以乐器造型表现出来的景观步行街，也是世界唯一的音乐主题长廊。每当夜幕降临，华灯初上时，八音长廊将奏响悠悠古乐，动听的旋律将萦绕在城市上空，沁人心脾。步入中华礼乐城周礼大道，二十四尊造型各异、可以喷水吐雾的大象迎面而来。象征着吉祥如意，它诉说着“太极生两仪，两仪生四象，四象生八卦”的太极文化，它还代表着中华民族传统的 24节气，寓意着宝鸡这片热土，一年四季欢迎华夏子孙、八方宾朋前来省亲祭祖、观光旅游。,image/100j0z000000nwjgz824E_D_256_180.jpg
85,2021085,七彩两江汇,0,"重庆一座被称为""魔幻3D""的神奇山城，有各类网红建筑，有网红交通工具。现在又来一个七彩魔幻的""打望""观景台，利用色彩的叠加呈现出各类组合的颜色+3D魔幻体验，体验""魔幻3D""城的神奇。七彩两江汇位于重庆南岸喜马拉雅的35楼上，这个地形也很重庆，平层进去就是6楼，直达35楼。就可以看到3D墙绘与七彩玻璃组合观景台，除了观景还有3D魔幻体验、真人泰坦尼克剧场。上演各类方言版的小剧场，扮演jack和rose的浪漫之旅，不容错过。",image/100i0r000000gsenj50A1_D_256_180.jpg
86,2021086,三层马路,0,,image/100210000000oqqdn00C5_D_256_180.jpg
87,2021087,仙女山归原小镇,0,"仙女山归原小镇位于重庆市武隆区南部，西邻乌江画廊，地处仙女山国家级旅游度假区，是仙女山-白马山的天涯鹊桥，距离重庆主城区约3小时车程。景区面积约926亩，海拔1200米，植被茂密，气候宜人，游玩内容丰富。由岭域文化旅游发展（重庆）有限公司开发，集溶洞、地缝、峰林、绝壁、漏斗、草场等地质奇观，老茶馆、冉氏祠堂等人文遗存为一体，构成了喀斯特从自然到人文的立体图样。
景区由地质奇观、自然探险、农耕体验、童玩艺术、轻奢度假五大版块组成，其中绝壁绕音、登高青云的亿年奇观小燕窝，是武隆唯一的双子天坑；落水迷通、险如虎穴的探险圣地老虎堡，是景区的最高点，与小燕窝一凸一凹，象征阴阳结合；石林交错的躬耕田园和艺术印记的茶舍老院，种子与虫趣，邻里与乡风，与看山望水的隐居乡宿、浮梦闲隐的度假舍屋，讲述了古老村庄对话当下的故事：一砖一瓦，一石一当，都是亿年的等待，百年的巢归。与老茶馆、芷芯堂餐厅、悬崖书馆、等风山墅、好院民宿等一起，交织成了一幅田园美好生活的心灵画卷。",image/0105u1200085gx01r853B_D_256_180.jpg
88,2021088,仙女山国家森林公园,0,仙女山国家森林公园位于重庆武隆县境内，拥有南方少有的高山草原风光，其林海、奇峰、草场、雪原被游客称为仙女山“四绝”。景区内树林相依，山丘相连，散养了众多的牛、羊、马，其景色优美，被誉为重庆的“小瑞士”。景区开设骑马、滑草、赛车、彩弹射击、悠波球、滑翔伞、篝火、烧烤等二十余个游乐项目，另建有饭店、别墅群、树上小木屋、风情木屋、欧式三角形木屋等住宿设施，是休闲避暑的胜地。这里冬季白雪皑皑，银装素裹，并设有滑雪场，届时可以在此赏雪、滑雪、玩雪，感受冬季独有的魅力。,image/CggYG1YxfTWALnXeABSXT9BxH7U202_D_256_180.jpg
89,2021089,《印象武隆》实景演出,0,,
90,2021090,816工程景区,0,816军工洞体位于涪陵区白涛街道（原白涛镇），完全隐藏在金子山山体内。该军工洞曾经是一个核工厂实体（未生产，无辐射），洞体总长约20余公里，洞内建成大型洞18个，道路、导洞、支洞、隧道、竖井多达130多条。1966年9月，在此建立中国第二个核原料工业基地——816工程。1967年正式动工，历经17年建设，先后投入6万多建设大军。1984年工程接近收尾，但随着国际形势和国民经济战略调整的需要，被紧急叫停，2004年国家批准解密。 816军工洞体有上下三层干支洞体体系，总长达20余公里，洞室内楼层功能分布明显，隔离性强，有如迷宫。洞中还建有9层高楼房，安置有电梯，其洞体设计和建设代表了当时洞体建筑设计、工程建设的较高水平。洞内旅游资源有：816核军工洞体、核工厂主洞、核反应堆大厅、核废料处理场、“锅底”、中央控制室、排风塔等。目前已开放的只有核反应大厅。,image/100k1f000001guf7i78B1_D_256_180.jpg
91,2021091,乌江画廊,35,酉阳有乌江流域和沅江流域两大水系，其中乌江位于酉阳县城西南边境，发源于贵州省威甯县，自沿河进入酉阳万木、龚滩，至涪陵汇入长江，全长1070公里，乌江酉阳段约60公里，是千里乌江最精华的“乌江百里画廊”。乌江百里画廊包括乌江干流酉阳县龚滩古镇至万木乡之间河段，以及自东向西倒流的乌江支流阿蓬江酉阳段，占地面积240平方公里，含龚滩古镇景区、阿蓬江漂流景区、清泉廊桥景区、马鞍城景区、万木永和寺、石林景区、三家阡石林、悬葬景区、长溪沟生态旅游景区。乌江百里画廊历史悠久，文化积淀深厚。龚滩古镇有1700余年的历史；古代巴国蛮王洞建于战国时代；马鞍城是南宋金头和尚起义遗址；僰人悬葬是东汉南方少数民族僰人的风俗，巴人纤道历史久远，“惊涛拍岸”、“竹零诗龛”等文化遗迹积淀厚重，颇具研究价值。乌江百里画廊民族风情异彩纷呈，是土家摆手舞之乡的西大门景区，是西兰卡普、蜡染的摇篮。古老的土家族背嫁哭嫁，独特的苞谷灯戏、阳戏、马马灯、民间青年男女表达爱情的木叶情歌，众多的民间的手工艺品，组成了当地独具魅力的民族风情。,image/100m1f000001gznmn1B82_D_256_180.jpg
92,2021092,松林坡,0,,image/1A0w1900000161ee27D6A_D_256_180.jpg
93,2021093,下浩老街,0,,image/100t1f000001gqdd9C2A6_D_256_180.jpg
94,2021094,解放碑商圈,0,,
95,2021095,桃坪羌寨,60,桃坪羌寨位于四川省理县桃坪乡，羌寨坐北朝南，背山面水，布局严密，因其典型的羌族建筑和交错复杂的通道结构而被称为神秘的“东方古堡”，这里能观赏到保存非常完整的羌族建筑文化艺术活化石。走进桃坪羌寨，可以看到有着上千年历史、古朴神秘的羌族古民居。民居多为两至三层，一般楼上住人，楼下存放农具或圈养牛羊。走走逛逛，感受当地的建筑风格和风俗文化，体验一番慢生活。,image/100m1f000001gzm3t3529_D_256_180.jpg
96,2021096,九寨沟风景区,190,2019年9月27日起，景区部分景观恢复对外开放。寨沟位于阿坝州九寨沟县境内，沟中雪峰林立，林木茂密，水池浅滩五彩斑斓，晶莹的溪水穿行于森林和浅滩之间，加上藏家木楼、经幡和藏羌民族独特的传统习俗，称为“美丽的童话世界”。九寨沟主体呈“Y”字形，由树正沟、日则沟和则查洼沟三条沟组成，总长50余公里，景区内有环保观光车穿梭行驶，招手即停，一般是乘坐环保车一个个景点玩下来。 如果细细品味的话，一天的时间是严重不够的。景区推出的淡季二次进沟是不错的选择。,image/10081f000001gqgew105A_D_256_180.jpg
97,2021097,黄龙风景名胜区,170,这是一个以奇幻美丽的钙化池闻名于世的景区，景区内众多的钙化池池水清澈见底，五光十色十分漂亮，还有森林、峡谷、雪山、瀑布等众多的自然风光，被称为“人间瑶池”。景区位于松潘县，游览这里最佳的时间是在夏秋季，此时处于湖泊的丰水期池水面积较大景色丰美。冬季和初春水量较小，但风景依然不错。黄龙风景名胜区主要分为两个部分，黄龙本部和牟尼沟。黄龙本部的黄龙主沟，是黄龙风景名胜区的主景区，也是一般讲黄龙景区时所指的地方。,image/100i1f000001gp1ox759E_D_256_180.jpg
98,2021098,重庆融创渝乐小镇,0,重庆融创渝乐小镇位于重庆市沙坪坝区土主镇文兴大道9号，拥有4大主题功能区，共计22项游乐设备，是集游乐设备、科技体验、特色餐饮、主题商店、精彩演艺于一体的高品质娱乐小镇。四大主题区包含70米双螺旋U型过山车——【传奇双龙】，国际先进的8K、LED球幕飞行影院——【飞越重庆】，国内知名设备商量身订造主题矿车——【鱼鹰矿山车】，108米荧光动画摩天轮——【山城之光】，1500米复古式悬空小火车——【山城壹号】等游乐设备，以及山顶悬崖餐厅——【卡巴拉】、具有巨幕崖壁投影功能的水上餐厅——【秀色餐厅】、重现江州繁盛时期场景的沉浸风情商业街等【灯晃街】精品特色配套。,image/0100b1200084rmfdcBE5F_D_256_180.jpg
99,2021099,重庆北碚悦榕庄游泳池,80,,image/CghzgFW7IBaAHhe2AAA2JqrOqVs267_D_256_180.jpg
100,2021100,壹华里夜景公园,0,重庆壹华里夜景公园是南山上很好的夜景观赏点，也是重庆市可以同时看到渝中、南岸、九龙坡、巴南和大渡口区等主城5区夜景的夜景公园，更是南岸区政府“三区两带”发展布局里，南山生态带发展的重要一环。,image/01A25120008azp6pk8840_D_256_180.jpg
101,2021101,大队长主题火锅,0,,
102,2021102,长江三峡,0,长江三峡西起重庆白帝城，东至宜昌南津关，是长江一段山水壮丽的大峡谷，为中国十大风景名胜之一。作为中国古文化发源地之一，这里有着众多的名胜古迹，诸如白帝城、黄陵、南津关等。其中，以瞿塘峡特别险峻，两岸断崖壁立，相距不足一百公尺。,image/10091f000001gsqkqEDF0_D_256_180.jpg
103,2021103,丰都鬼城,100,丰都鬼城位于重庆市丰都县城的长江北岸，是传说中“阴曹地府”所在地，也是中国幽冥文化的集中体现地。传说中幽冥界的奈何桥、十八层地狱等，在这里都有真实的存在。丰都鬼城游览起来非常方便。进入景区大门后，按照指示牌，沿着一条登山路向山上游览即可。途中会经过哼哈祠、奈何桥、鬼门关、黄泉路、阎罗殿和十八层地狱等大家熟悉的地点。还可以在鬼城内，看到牛头马面、阴间判官、阎罗王等传说中的人物塑像，而十八层地狱讲诉的是劝人为善、勿作恶的因果报应传统观念。这些传说中幽冥界的去处，充分反映了中国人对生与死、鬼魂和地狱等传统的认知。有兴趣的话，可以跟随一位导游，听听故事，了解下古代的风俗禁忌。在城内游玩的时候不能错过的就是网红师傅表演的石来运转，三百多斤重的铁石表演是力量的呈现，让人由衷钦佩。,image/0102b120007ursg8937FE_D_256_180.jpg
104,2021104,大型山水实景演艺《烽烟三国》,0,东汉末年，山河动荡，刘汉王朝气数将尽。内有十常侍颠倒黑白，祸乱朝纲；外有张氏兄弟高呼“苍天当死，黄天当立”的口号，掀起浩大的农民起义。一时间狼烟四起，战火熊熊，刘家的朝廷宛如大厦将倾，岌岌可危…;…;正所谓乱世出英雄，就在这时间，曹操、公孙瓒、袁术、袁绍、吕布、刘备、孙策、关羽、张飞、诸葛亮等各路豪杰不断涌现，从群雄逐鹿到赤壁之战，从魏蜀吴三国鼎立到三分归一统，波澜壮阔的三国时代的大幕缓缓拉开…;…;《烽烟三国》围绕关羽的忠义精神而展开，从邂逅忠义到保护忠义，从追随忠义到献身忠义， 每一幕都表现了他对忠义不同角度的诠释。作品从那片美丽的桃花林开始，从三兄弟祭天盟誓的誓言开始，沿着魏、蜀、吴三国战争格局的历史粗线，逐渐深入到关羽一生追随刘备，并与曹操、孙权之间展开的各种周旋。,image/100t0q000000g7q5q19C3_D_256_180.jpg
105,2021105,石宝寨,50,石宝寨位于重庆市忠县境内长江北岸，距离忠县45公里。因此地临江处有一块十多丈高的巨石，相传为女娲补天所剩的五彩石，故称：石宝。明代谭宏起义，曾占据此处以为山寨，石宝寨故而得名。石宝寨倚玉印山而建，倚山势而起，造型奇特。由寨门、寨身、阁楼（寨顶石刹）组成，共12层，全木质结构。始建于明万历年间，原为9层，隐含“九重天”之意，顶上3层为1956年修补建筑时所建。寨顶筑有古刹天子殿，以岩为墙，巍峨壮观。古刹后殿，有一石孔，口大如杯，称“流米洞”。寨内有三组雕塑群像，其一为巴蔓子刎首保城的故事，其二为张飞义释严颜的三国故事，其三为巾帼英雄秦良玉的故事。寨顶有古刹一座，名“兰若殿”；寨下有古朴雅致的石宝街。石宝寨也是中国目前仅存的几座木结构建筑之一，被称为“世界八大奇异建筑之一”。,image/10011f000001h392cBD72_D_256_180.jpg
106,2021106,白帝城景区,0,白帝城坐落在奉节县东部瞿塘峡西口的白帝山上，因三国时期刘备讨伐东吴兵败，白帝城托孤而闻名于世。这里历来为兵家必争之地，还是观看瞿塘峡“夔门”的最佳地方，现在这里已成为游览长江三峡的必游之地。白帝城东依夔门，原本三面环水，在三峡大坝蓄水以后，白帝城成为一座水上孤岛，目前有廊桥与岸边连接，可步行抵达。城内建有白帝庙，供奉的是刘关张及刘备托孤的彩塑。白帝庙内的明良殿、武侯祠、观星亭等建筑均为明清时代所建，古朴典雅，庄严肃穆。此外，不可错过的是明良殿东、西两侧的两处碑林，陈列着从隋代至清代的70多块完好的石碑，其中东碑林的《凤凰碑》和《竹叶碑》风格独特，精美华丽，是最引人注目，堪称瑰宝。白帝山是远观“夔门天下雄”的绝佳位置。登上半山腰，可掏出一张10元人民币来比照一下，眼前的壮丽景色正是钱币背面的景观。,image/0100f1200084nyrbaD3F7_D_256_180.jpg
107,2021107,巫山小三峡,120,巫山小三峡不仅有青山奇峰，更有留存千古的巴人悬棺、船棺和古寨等历史遗迹。巫山小三峡是长江三峡支流大宁河下游在巫山县境内的龙门峡、巴雾峡、滴翠峡的总称，全长约60公里。游玩小三峡的方式是乘坐游船从大宁河宽谷开始，龙门峡、巴雾峡、滴翠峡一路玩过去后，再原路折返，全程约3小时，在滴翠峡的终点停泊点，可以换乘小船游玩小小三峡。从巫山县游船码头乘船进入巫溪大宁河，经过新龙门大桥，即进入龙门峡。从龙门峡口至银窝滩的主峡区长约3公里，由狮守门、灵芝峰、银窝滩、抹角滩等组成。两山对峙，两侧峭壁如削，露出一线蓝天，仿佛一道大门，故称龙门峡。银窝滩水急滩险，船行其间，可以亲身体会“巴水急如箭，巴船去如飞”的惊险刺激。出了银窝滩是一段山舒水缓的宽谷地带，经过琵琶州，闯过抹角滩，即进入巴雾峡。巴雾峡又名铁棺峡，因东岸离水面4、5米高的绝壁石缝中，有一具黑色的俗称“铁棺材”的悬棺而得名。据考证“铁棺”是战国时期的巴人悬棺，因其色似铁故称铁棺材。巴雾峡从乌龟滩至双龙，长约10公里，山高谷深云雾迷蒙，两岸峭壁上钟乳石林立，千姿百态，妙趣横生。滴翠峡是小三峡中尤为秀丽的一段峡谷，从双龙镇至涂家坝长约20公里。滴翠峡两岸峭壁耸立，林木葱翠欲滴，是夏日避暑的好去处。谷内有水帘洞、摩岩佛像、绵羊滩、登天峰、赤壁摩天、飞云洞等景观，无不更具特色。尤其令人震撼的是一片高达数百米的峭壁，如刀削一般直插云天，在阳光的照射下金光闪闪，这就是有名的赤壁摩天。小三峡中有几段宽谷，河床上布满了各种五颜六色的卵石，石上有瑰丽的花纹，这就是有名的“三峡石”。可以在这里捡一点回去，无论是自己把玩还是送亲朋好友都是不错的。,image/10090700000025ji9204A_D_256_180.jpg
108,2021108,小小三峡,0,,
109,2021109,巫峡,0,巫峡位于重庆巫山县和湖北巴东县之间，西起巫山大宁河口，东至官渡口，绵延45公里，是三峡中最长最大的峡谷，俗称大峡，它峡长谷深，奇峰突兀，峡谷幽深秀丽，素以“秀”著称。巫峡是三峡中最连贯、最整齐的峡谷，分为东西两段，西段由金盔银甲峡、箭穿峡组成，东段由铁棺峡、门扇峡组成。整个峡谷奇峰突兀，怪石嶙峋，仿佛一条迂回曲折的画廊。著名的巫山十二峰分别坐落于两岸，南北各六。十二峰绮丽如画，姿态万千，是巫峡的精华所在。十二峰中尤以神女峰最为著名，峰上那一挺秀的石柱恰似亭亭玉立的少女。她每天最早迎来朝霞，又最后送走晚霞，故又称“望霞峰”。但是坐船游览巫峡的话，只能望见九座，江南的三座（上升峰、起云峰、净坛峰）必须弃舟登岸，在青石镇附近才可以看到。巫峡谷深狭长，日照时间短，峡谷中的水蒸气蒸腾不散，容易形成云雾。云雾千姿万态，似游龙、玉带、瀑布、轻纱，在阳光的照耀下，曼妙无比，形成著名的巫峡佛光。唐朝诗人元稹留下“曾经沧海难为水，除却巫山不是云”的千古绝唱，正是对巫山云雾的精彩描述。巫峡名胜古迹众多，除了著名的巫山十二峰外，还有陆游古洞、大禹授书台、神女庙遗址、孔明石碑等，无不以深厚的历史底蕴吸引着各地游人。游玩巫峡最合适的方式就是从巫山县的长江渡船码头乘船顺流而下，一路观赏壮丽的巫山十二峰和飘渺的巫山云雨。,image/100o1f000001gp5nn83B6_D_256_180.jpg
110,2021110,神女峰,0,神女峰又叫望霞峰、美人峰，是巫山十二峰之一，位于巫山县城东约15公里处的巫峡大江北岸。巫山十二峰各有特色，有的若金龙腾空，有的如雄狮昂首，有的像少女亭亭玉立，有的似凤凰展翅，各个千姿百态，妩媚动人，其中尤以神女峰最为秀丽有名。巫峡大江北岸。一根巨石突兀于青峰云霞之中，宛若一个亭亭玉立、美丽动人的少女，故名神女峰。每当云烟缭绕峰顶，那人形石柱就像披上薄纱似的，更显脉脉含情，妩媚动人。古代神话中，相传神女峰是西王母幼女瑶姬的化身，曾助夏禹开錾河道排除积水。水患消除后，为保行船平安而留在巫山，因而博得后人尊敬奉祀。神女峰对岸飞凤峰下现存授书台，据说是瑶姬授书夏禹处，县城东西原有神女颂，后来改名凝真观。,image/100r1f000001gonq18E5B_D_256_180.jpg
111,2021111,巫山十二峰,0,巫山十二峰分别坐落于巫山县东部的长江两岸，江南江北各有6峰，各距离县城有10至30公里不等。江北六峰有：登龙、朝云、圣泉、望霞(神女)、集仙、松峦，均一一可见。江南六峰的净坛、起云、上升隐于岸边山后，只有飞凤、翠屏、聚鹤可以见得。十二诸峰姿态万千，绮丽如画，古往今来。擅奇天下。“放舟下巫峡，心在十二峰”这句古诗词说出人们对十二峰的倾慕之情。巫山十二峰除峰形秀丽多姿外，变幻莫测、来去无踪，巫山云雨也大大增加它的神秘色彩。峡区山高谷深、蒸郁不散的湿气，沿山坡冉冉上升着，有时会形成浮云细雨，云雾之中，有时会化作滚滚乌云，有时会变成茫茫白雾。十二峰便会时隐时现，疑似仙境一般。,image/01028120006wenhrv65B0_D_256_180.jpg
112,2021112,三峡大坝旅游区,0,三峡大坝是一座规模宏大的水利枢纽工程、水电站。大坝旅游区目前开放了坛子岭、185观景平台、截流纪念园等景点，坝顶不对外开放。在北岸的坛子岭可以俯视大坝，这是观赏三峡大坝全景的较好位置；坛子岭以西是185平台，因为海拔185米而得名，同样位于北岸，可平视大坝；而在南岸的截流纪念园，则是大坝的下游，在这里可仰视大坝，截流纪念园内设有展室，你可以通过展室内的图文资料了解三峡工程。,image/0101t12000818o390D3F3_D_256_180.jpg
113,2021113,185观景平台,0,185观景平台，位于三峡大坝景区，长江的北岸，坛子岭以西，因为海拔185米而得名。这里位于坝顶公路的左岸端口处（长江北岸），与坝顶齐高。来到观景平台时，可以近距离、用几乎平视的角度观看三峡大坝，感受大坝雄姿，同时领略大坝上游宽阔的水面。游客进入景区后，在“游客换乘中心”乘坐景区观光车，先游览坛子岭，再乘坐观光车来到185观景平台游玩。这里也是游客在景区内近距离拍摄三峡大坝坝体的好地方。在这里游玩拍照留影后，游客可以再次乘坐观光车，前往长江南岸的截流纪念园游玩。,image/100h1f000001grtuh70C1_D_256_180.jpg
114,2021114,坛子岭,0,坛子岭，是三峡坝景区较早开放的区域，因为其山体形状酷似倒扣的泡菜坛子而得名，该区域所在地为大坝建设的勘测点，海拔262.48米，是三峡工地的制高点，因此这里也是观赏三峡大坝全景色的好位置。坛子岭修建了上下行双向自动扶梯，可乘扶梯直达坛子岭观景台。站在坛子岭观景台眺望，三峡大坝就在眼底展现，白色的坝身横截在长江之上，安静祥和，每到汛期开闸泄洪时，则呈现出万马奔腾之势。还可以在一边的双向五级船闸内，看到一艘艘船停在闸内等待过船闸。在坛子岭向远方望去，隐约间能看到西陵峡黄牛岩的秀丽风光和秭归新县城。坛子岭整个景区里还包括有浮雕群、钢铁大书、亿年江石模型室和绿化带等。,image/CggYGVZABwKAN0Y5ABTyKMbivtk244_D_256_180.jpg
115,2021115,三峡垂直升船机,0,乘豪华游轮，感受三峡垂直升船机，体验乘百米“升船电梯”。三峡升船机被誉为三峡工程最后的“谜底”，当它向世界揭开其神秘面纱后，许多外国专家都感叹中国人又完成了一项不可能完成的任务。三峡升船机就像在40层楼的建筑上安装了一个巨大的电梯，可以连同承船厢一起将船舶一次提升113米，最大提升重量15500吨，相当于同时提升20万人。整个提升过程约10分钟，船舶通过三峡升船机过坝只需要四十分钟，相比于以前翻坝公路所需一整天、五级船闸所需四个小时，三峡升船机是名副其实的电梯过坝“快捷通道”。长江三峡5号离开承船厢驶入大坝上游，只见眼前“截断巫山云雨，高峡出平湖”的景色所震撼，不禁为国人利用自然、改造自然的智慧所折服。三峡升船机的投入运行，充分地体现了中国制造的强大实力，极大地振奋和鼓舞了国人的信心，也让我们离“中国梦”更近一点。,image/01A40120008advhov7432_D_256_180.jpg
116,2021116,三峡人家,180,三峡人家风景区位于长江三峡中奇幻壮丽的西陵峡境内，由山上人家、水上人家、溪边人家三个区域组成。在这里，你可以通过船游与步行相结合的方式，全方位、多角度领略三峡原生态的自然风光。景区每天有丰富多彩的民俗表演，有机会亲身参与其中，深刻感受古老而神秘的巴楚文化。从宜昌市区出发，可以通过公交车或者游船到达景区，全程约1-2小时。景区的游览区位于长江的南岸，游客必须在北岸“游客服务中心”旁的“胡金滩码头”坐渡船到南岸，所以景区门票是和往返渡船票捆绑销售的。景区可以分为山上人家（靠近索道站码头）、水上人家、溪边人家（靠近龙进溪码头）三个区域，其中水上人家和溪边人家是连在一起的，都在长江边，步行游览即可。而山上人家的各个景点都分布在江边的山上，游玩时可以步行爬山，也可以做索道上、下山。游客可以根据自己的喜好选择游玩的顺序，游玩的顺序不同，在北岸乘坐渡船时选择的线路也有所不同。整个景区绿树葱葱，溪水潺潺，犹如进入了一个大氧吧。在山上人家区域，游客可以观赏到当地特色民居“吊脚楼”，并在楼内的各个居室了解到本地先民的生活场景。而在山中的人造景点“巴王宫”内，可以欣赏到具有古巴人风情的仿古表演。此外，矗立在悬崖绝壁之巅的“灯影石”，也是拍照留影的好地方。下山后，沿着长江往下游方向走去，不远处就是水上人家和溪边人家。在水上人家区域内有“船工号子”的表演，号子既有雄壮激越的音调，又有悦耳抒情的旋律，听着这些古老的曲调，仿佛看到了昔日船工们在长江中穿激流、过险滩的艰辛生活。水上人家附近就是长江和龙进溪的交汇处，溪上人家就在这里。这里依山傍水，一半着陆，一半入水，青山绿水之间，景色如画。在这里能看到溪边洗衣服的幺妹子和在溪流中荡舟的本地姑娘，清新美丽。溪水边的山坡上分布着很多的阁楼，楼内展示了当地溪上人家的日常生活，还有精彩的抛绣球、抢亲、入洞房和纤夫拉纤的表演，不少演出还会邀请游客亲自参与，比如扮演新郎等。,image/0104h1200051da7592FC4_D_256_180.jpg
117,2021117,屈原故里,0,屈原故里景区，位于宜昌市秭归县城内。秭归县是战国时代伟大诗人屈原的故乡，在老秭归县城东门外（现在已被淹没），矗立着一座高大的牌坊，上书“屈原故里”四字。如今的屈原故里景区内，核心景点就是原物搬迁过来的屈原祠。原屈原祠，位于秭归与香溪之间有一块沙滩，传说是屈原遗体安葬处，后取名“屈原沱”，沱上建有屈原祠，修建葛洲坝工程和三峡工程时两次搬迁。如今景区内的屈原祠，面向东南，与三峡大坝正面相对，有山门、碑廊、前殿、乐舞楼、正殿、享堂、屈原墓（屈原衣冠冢）等建筑组成。在景区内，还有龙舟博物馆、端午习俗馆、高峡平湖观景平台等景点，游客还可以在这里参观以新滩古民居、峡江石刻、峡江古桥等为重点的三峡古民居区。景区内还复制了屈原出生地的一些景点，如：香炉坪、 照面井、玉米三丘等，这些景点根据传说都和屈原有着密切的联系，保留了当年屈原的生活遗迹。,image/100f1f000001gq9vz94D8_D_256_180.jpg
118,2021118,双桂山国家森林公园,0,双桂山国家森林公园，位于重庆市丰都县的长江之滨，总面积100公顷，公园内林木苍翠、百鸟争鸣，涧壑流泉、云蒸霞蔚，素有险、幽、古之称，为长江三峡风景区接待游人较多的游览胜地。双桂山国家森林公园主要景点有鹿鸣寺、苏公祠、恩来亭、护国寺、良缘亭、贺龙阁、孔庙等。目前丰都除拥有历史文化古迹和名山、双桂山风景区外，还相继开放了鬼国神街、阴同鬼街、邪毒城、民俗馆等观光景点、还有龙河沿江风景旅游线、包峦猿家天然溶洞、升天塔、十八层地狱、溜沙坡、仙岛度假村、四坪避暑山庄等景点。双桂山经过数年的植树造林，山上现有不同品种的树木50余万株，花木100多个品种、其中珍贵树木20余种、竹园、桂园、香蕉园、桃园已有了规模。每逢“鬼城”庙会（农历三月初三）和重大节日，这里会举办富有传奇色彩的灯会。四方香客云集。烛光映天、香烟缭绕、钟鼓齐鸣。,image/10090m000000diibrF5E7_D_256_180.jpg
119,2021119,夔门,0,,image/100b0e00000077v3t348B_D_256_180.jpg
120,2021120,瞿塘峡,0,瞿塘峡，长江三峡的起点。西起奉节县白帝城，东至巫山县大溪镇，全长约8公里，是三峡中最短的一个，却最雄伟险峻。峡谷西端入口处，两座山夹江而立，宽度不足百米，称为“夔门”，素有“夔门天下雄”之称。游玩瞿塘峡，只能乘坐三峡游船，观赏两岸风光。峡谷西端入口处的左边是赤甲山，右边是白盐山。目前通行的10元纸币背后的图案，即是入口处的夔门。如果坐船经过该段，一定要拿出来合影。泛舟峡谷中，烈日当空之时，赤甲山上被氧化的红色岩石象熊熊烈火在燃烧，白盐山则银光灿灿，似白盐堆积，所以自古既有“赤甲晴晖”和“白盐曙色”的说法。峡江两岸，有很多摩崖石刻，以白盐山粉壁墙最为壮观，绝壁上镌刻着数十幅石刻，其中最大的是孙元良将军写的“夔门天下雄，舰机轻轻过”和冯玉祥将军所写的“踏出夔巫，打走倭寇”。三峡工程蓄水之前，两岸有“八阵图”、古栈道遗址等景点，也有徒步观光的路线。但三峡蓄水以后，八阵图、古栈道等景观都被淹没。,image/100u1f000001gq9h908FB_D_256_180.jpg
121,2021121,神女溪,60,神女溪，当地人又称为“美女溪”，溪长15公里，由于水面湍急、溪浅道窄，其中有10公里为人迹罕至的原始山谷。三期蓄水后，可到溪内峡谷纵深处探密，优美的风景与原生态居民“惊现”在游人面前，昔日只有少数摄影家知道的奇峰丽景，将成为三峡游的新亮点。神女溪是随三峡工程建设而新开发的旅游景区，距重庆市巫山县城20公里，位于神女峰对岸、巫峡南岸，景区风光绮丽、静谧宜人，恍若隔世，再往溪流上游寻行，可以到达两河口一线天深处、净坛峰风景区，其中神女溪一线天风光旅游探险攀岩探险者的乐园。神女溪内景点：净坛峰；人影壁；嫦娥奔月；板壁岩；定海神针；美女上轿；石柱子、八仙凳；会仙台；仙掌峰；飞凤峰；龙头峰；骏马峰；起云峰；上升峰；骏马归栏；人影壁；嫦娥奔月；炮花塘；九元山；鲤鱼仙子 石和尚；陀子岩层七女塘；帕链潭；炮花塘。,image/100s1f000001gx5hn870B_D_256_180.jpg
122,2021122,重庆国泰艺术中心,0,国泰艺术中心由国泰大戏院和重庆美术馆组成，2006年9月正式定名为国泰艺术中心。基本功能定位为“依托商业中心，面向文化市场，服务大众需求”。国泰艺术中心与商业、文化广场结合，将重整渝中半岛城市整体形象的新秩序，是推动国际文化交流的重要场所。国泰艺术中心采用中国传统的民族风格，体现浓厚的巴渝文化，老剧院的一些元素将得以保留。艺术中心的大楼主体为红色，象一团燃烧的“篝火”，也象一艘起航的舰。国泰大戏院以一个800座的中型剧场为主要组成部分，是以演出音乐歌舞剧剧种为主兼顾传统戏剧等剧种的综合性剧场；还包括两个350座的小剧场，其中一个兼作音乐厅并考虑进行合唱演出，以自然生为主。另一个小剧场兼作多功能厅同时具备媒体艺术展示和艺术报告的条件，以电声为主。重庆美术馆定位以展出传统的国画、油画、版画和小型雕塑为主，兼顾摄影艺术、装饰艺术、行为艺术和工艺品的展示，并能够承接国内外工艺美术品的展览和举办各类文化艺术交流活动。共有8200平方米。在展厅中间，一条转折的红色钢架楼梯与6楼展厅相连。爬上转折楼梯，在转折处往下看，立体广阔的空间效果，让人感觉进入了“天空之城”，要是摆上画作，会更有感觉，美术馆的空间感是一大亮点。除了大型展览，美术馆的25个玻璃房子还可以为艺术家们举办个人展览。在现场看到，每个玻璃房面积近100平方米，且都有一扇近20平方米的落地窗。计划在里面安装投影设备，在玻璃窗上做城市形象的宣传。,image/100a1f000001grjkm5F86_D_256_180.jpg
123,2021123,华生园金色蛋糕梦幻王国,0,,
124,2021124,重庆欢乐谷,180,重庆欢乐谷主题公园占地约50万平方米，分为欢乐时光、梦幻岛、飓风湾、恐龙森林、老重庆、河谷矿山小镇六大主题区，共设置百余项娱乐体验项目，配以五大演艺六大节庆，精彩诠释多元欢乐。,image/100q0q000000gcpqb572B_D_256_180.jpg
125,2021125,达古冰川风景区,200, 达古冰川风景区千百年来一直像一位身居闺中的姑娘，不为外人所知晓，直至1992年日本科学家通过卫星发现了它。每年7-9月间，四川省登协都会在这里举办大型登山大会，届时各路登山爱好者纷纷集结于此，非常热闹。公园分为达古冰山园区和卡龙沟园区，达古冰川园区以海洋性现代山岳冰川地貌景观为核心，拥有多种类型海洋型现代山岳冰川，另有类型众多的古冰川遗迹。卡龙沟园区则以独具特色、规模宏大的钙华景观为核心地质遗迹资源，兼具多个不同种类丰富多彩的自然景观为一体。进入景区，乘坐环保观光车沿着黑水河逆流而上，一路可以游玩金猴湖、红军湖和则娜措等几个高山海子。在迎宾湖可以乘坐索道直达达古冰川一号冰川，而仙女湖更是远观洛格斯雪山的好位置。,image/100f1f000001gqbyzF1E3_D_256_180.jpg
126,2021126,古尔沟,42,,image/100m1f000001gzonj0C43_D_256_180.jpg
127,2021127,毕棚沟,80,毕棚沟位于阿坝州理县朴头乡梭罗沟境内，以其优美的自然风光、完好的自然生态景观而著称，是国内知名的红叶观赏圣地。如果不是徒步穿越的户外玩家，游览毕棚沟相对简单。从景区大门购票进入后，乘坐景区观光车经龙王海、娜姆湖后，可直达上海子接待中心，全程约26公里。沿途一路有雪山伴随，且有多处红叶观赏点。到达上海子后稍事休息，之后可乘坐景区电瓶车继续向上抵达磐羊湖，游玩后原路返回。在上海子还可以选择徒步或者骑马，到燕子岩窝全程约9公里，路况良好。毕棚沟一年四季各有特色，但是观赏时间推荐秋季的9-10月。每年这个时候，沟内枫叶艳红似火，湖光山水，与周围的雪山构成一幅迷人的画卷，五彩斑斓，非常有意境。游玩毕棚沟一般无需住宿，进沟时记得带一些饮料和高热量的食物，如巧克力、牛肉干之类即可。,image/CggYHFaMs1aADMTLAArLaLFJCUA603_D_256_180.jpg
128,2021128,长嘉汇商业步行老街,0,,
129,2021129,重庆杜莎夫人蜡像馆,0,"起源于1835年英国伦敦的蜡像馆品牌。重庆杜莎夫人蜡像馆位于南滨路133号弹子石老街內，与解放碑和江北嘴两大CBD遥相呼应，周边交通十分便利。约2000平方米的场馆区内，精心规划了八个星光熠熠的主题展区，不仅有栩栩如生的名人蜡像和各式经典场景，更有融入山城特色的布景与趣昧横生的互动体验。重庆杜莎夫人蜡像馆是西南地区首家杜莎夫人蜡像馆，也是继中国香港、上海、武汉、北京之后的中国第五家，同时它也成为全球第二十家杜莎夫人蜡像馆。场內有“环球影视”、“体坛猛将”、“电视直播室”、“世界领袖”、“世界文明”、“幕后之旅”、“音乐先锋”、“星秀南滨”等八个主题展区。馆內有60余尊蜡像,包括电影明星、电视幕后、人文科学、历个物、世界领袖、体育明星、乐坛明星等，可让参观者有机会与心爱的偶像做近距离的接触。",image/100l080000002yzj0B3A1_D_256_180.jpg
130,2021130,重庆工业文化博览园,0,重庆工业文化博览园是一处以工业文化为核心主题的旅游景点。以大渡口区重钢集团原址为基础，依托其工业遗存打造而成。,image/1A0f1a0000018ocgi2F11_D_256_180.jpg
131,2021131,上清寺,0,,image/10011f000001h354j2EFE_D_256_180.jpg
132,2021132,峨岭公园,0,,image/1A0p190000016uv33BC63_D_256_180.jpg
133,2021133,黄桷坪涂鸦艺术街,0,黄桷坪涂鸦艺术街位于重庆市九龙坡区黄桷坪辖区，起源于黄桷坪医院，止于501艺术库。这里的艺术氛围非常浓厚，但在很早之前这里不过是一条破旧的街区，后来经过艺术家们的改造，成为了一个极具艺术气息的街区。满眼望去都是五颜六色，形形色色的涂鸦，十几米高的墙面上都是密密麻麻的涂鸦作品，走到哪里都可以看到四周的涂鸦，还可以看到一些零散的雕塑等。,image/100k1f000001gui4hD8ED_D_256_180.jpg
134,2021134,501艺术基地,0,"重庆501艺术基地是由重庆市国有文化资产经营管理有限责任公司牵头打造的当代艺术基地，并委托华戈公司进行品牌管理，是重庆市""文化产业专项资金""扶持项目。现有60多位艺术家入住，2006年10月正式挂牌亮相，全面对社会公众开放。重庆的501艺术基地，以优惠政策吸引艺术家入驻，已有四川美术学院70余名中青年艺术家在此建立了工作室，涵盖油画、国画、雕塑、服装设计等多种艺术门类并设有一家非赢利的当代美术馆和一家艺术沙龙。501艺术基地已被评为“重庆市创意产业基地”，在重庆及国内的影响力逐渐扩大。先后有英国、加拿大、瑞典、新加坡等地的艺术家、艺术机构前来考察和访问交流，也有外国艺术家留驻基地开展艺术创作、举办展览活动。艺术家工作室、艺术酒吧等空间的开放，也使501艺术基地展示出具有国际化色彩的“Soho式艺术区”。在这里，当代艺术与历史文脉及城市生活环境的 有机结合，使“501”演化为一个极具活力的中国当代艺术与生活的崭新模式，对各类专业人士及普通公众产生了前所未有的强大吸引力。",image/100a0u000000jgk052207_D_256_180.jpg
135,2021135,南之山书店·Origin,0,,
136,2021136,重庆洪崖洞民俗风貌区 ,0,,
137,2021137,黄桷垭老街,0,,image/1A031f000001gqhb8F9B7_D_256_180.jpg
138,2021138,南山风景区,0,重庆南山风景区位于重庆长江南岸，并不是一座山，而是一片山脉。这里的一棵树观景台，是观赏山城夜景的好地方；南山植物园是重庆市民春赏花、夏避暑的去处；这里还有抗战博物馆。南山风景区号称重庆的后花园，景区内的南山植物园荟萃中外名花1000余种，是春日赏花的好去处。夏季这里的气温比市中心低几度，成为很多人散步乘凉的好去处。如果你对陪都的历史和建筑遗址有兴趣，不妨到抗战遗迹博物馆转一圈，这里众多的中西合璧的官邸和别墅一定会让你大饱眼福。还可以沿着黄桷古道会到达老君洞，一座依山而建的道观，始建于唐代。逛累了，还可以到附近闻名的泉水一条街大快朵颐，据说这里的泉水鸡是用本地泉水烹调的土鸡，味道很好。晚上到一棵树观景台感受一下重庆的夜景吧，观景台位于南山山腰，可以俯瞰渝中半岛、南岸区，包括两江汇合的景象，山灯与江水交相辉映。,image/100d1f000001gotcx5C3B_D_256_180.jpg
139,2021139,石井坡,0,,image/01A32120006zb5b7s9302_D_256_180.jpg
140,2021140,李子坝公园,0,李子坝公园又名李子坝抗战遗址公园，位于李子坝轻轨车站旁，背靠鹅岭，北面嘉陵江，全长1.8公里，面积共12万平方米，是重庆首个抗战遗址公园。园内包含5组抗战历史文物建筑，分别是高公馆、李根固旧居、刘湘公馆、国民参议院旧址、交通银行学校旧址，集中展示了重庆抗战时期的政治、经济、文化、军事、外交、金融等各个方面的历史风貌，是抗战文化的新符号和新阐释。李子坝抗战遗址公园亲水滨江，绿地率约60%，植物栽种约7万平米，栽种有大型的银杏、香樟、黄桷树等大型乔木灌木。公园背靠巍峨的浮图关，面临碧波的嘉陵江，走在公园内，每一处细节，都彰显着其匠心独运。雕刻细腻的木质护栏、规整有序的砖石地面、风格统一的指示牌……来到公园，总能看到市民结伙结伴打着太极拳，或三三两两在公园内散步，或沿着台阶下到嘉陵江边，欣赏突出的滨水园林特色景观。,image/100h1f000001grtypA506_D_256_180.jpg
141,2021141,四川美术学院美术馆,0,罗中立美术馆位于四川美术学院大学城校区内，由知名艺术家罗中立、郝大鹏等设计建造，外墙由碎瓷片拼成了色彩斑斓的图案，绚丽又先锋，非常地醒目。美术馆内部展示了罗中立各个时期的作品，另外还有部分美院学生的作品展示，喜欢艺术的话不要错过。,image/10031f000001gryodC91D_D_256_180.jpg
142,2021142,重庆长江索道南站,18,重庆公交长江索道是一条公交车线路，隶属于索道公司。,image/0101j12000858i0l13386_D_256_180.jpg
