,name,price,description,picurl
0,骊山,120,骊山位于西安市临潼区，毗邻华清池，如今两个景点已经合并。骊山树木茂盛，自古就是游览胜地。山中分为东，西绣岭，西绣岭集中了骊山的大部分景点，其中包括烽火戏诸侯的“烽火台”和西安事变中的“兵谏亭”。骊山不高，从东大门（昭阳门）进入景区后，一个多小时就可以步行到山上的最高景点“烽火台”。大门附近有索道（另收费），索道上站就是“老母殿”，但一般游客都是步行上山，体验在林中穿行的登山乐趣。骊山分为东、西绣岭两个区域，西绣岭集中了骊山的大部分景点，有烽火台、长生殿遗址、晚照亭、老母殿、老君殿、兵谏亭、三元洞等。兵谏亭（以前称“捉蒋亭”），西安事变时蒋介石躲藏及被发现的地方；老母殿供奉着“骊山老母”（也称“女娲娘娘”），传说老母曾经在骊山炼石补天；而历史上周幽王“烽火戏诸侯”的典故，就发生在山顶的烽火台。过了烽火台后往东就到东绣岭，主要景点有“石瓮寺”、遇仙桥等，据传寺和桥都建于唐代。骊山脚下就是著名的“华清池”。傍晚夕阳下，在山上的“晚照亭”俯瞰华清池和整个临潼，就是关中著名景色之一的“骊山晚照”。从骊山脚下坐“游五”专线车到兵马俑，约40分钟。,image/100w10000000oyhbt3371_D_256_180.jpg
1,华清宫,120,华清宫（华清池 • 骊山）景区位于西安城东30公里，与兵马俑相毗邻。因其亘古不变的温泉资源和众多历史事件享誉海内外，成为中国唐宫文化旅游标志性景区。宫内胜景：华清宫历史悠久，周、秦、汉、隋、唐等历代帝王在此建有离宫别苑，宫内集中着唐御汤遗址博物馆、西安事变旧址——五间厅、九龙湖与芙蓉湖风景区、唐梨园遗址博物馆等文化区和飞霜殿、万寿殿、 长生殿、环园和禹王殿等标志性建筑群。骊山温泉因开发利用早且备受历代帝王的青睐，享有“天下第一御泉”的美誉。早在6000年前的仰韶文化时期，姜寨先民就开始利用骊山温泉。源远流长的骊山温泉凝聚着丰富的文化内涵，是中华民族历史文化中不可或缺的重要组成部分。景区内的这块温泉颂石碑高154厘米，宽72厘米，厚19厘米，盘龙螭首，梯形跌座。是北魏雍州刺史元苌篆刻，碑文写到“温泉乃自然之经方，天地之元医，干城万国之民，怀疾枕菏之客，莫不宿粮而来宾，疗苦于水”，此碑是华清宫现存最早的文字实物资料。这里就是《长恨歌》中描述杨贵妃出浴场景的浴池所在地，在安史之乱后，原来的建筑残存无几。1982年，临潼县人民政府在修建“贵妃亭”时，偶尔发现了唐代浴池遗址，后经发掘整理，建成唐华清宫御汤遗址博物馆。这个汤池小巧灵珑，设计独特，东西长3.6，南北宽2.9，形近似椭园形。池壁全由青石拼砌而成，汤池上下两层的台式结构，由18组卷石拼砌而成。池中有专供杨贵妃沐浴时的专用的长条石，刻有“杨”字纹样。池底中间有一直经为10厘米大小的进水口。这里出土了一汉白玉雕刻的莲花底座，底座上莲接喷头，下接陶水管道与总水源相接，温泉水因自然压力通过管道从莲花喷头四散喷出，这洒落下来的水雾呢，也就和今天的淋浴相差无几。贵妃池东边紧挨着的便是唐玄宗专用的御汤。唐时池上建有九龙殿，殿外有白玉雕成的九条龙，口喷泉水。此汤平面呈写实的莲花状，故又名“莲花汤”。华清宫的五间厅是当年西安事变发生的地方。直到今天五间厅的玻璃窗、墙壁上还保留兵谏发生激战时的弹痕，各房间办公室用的桌子、椅子、床、沙发、茶具、火炉、地毯、电话等，均按原貌复制摆放。五间厅由西往东依次是：秘书室、蒋介石卧室、蒋介石办公室、部署进攻红军的会议室、侍从室主任钱大钧的办公室。12月12日晨，兵谏发生，蒋的侍卫官冲出门外，凭借院内的建筑物拼命抵抗。至今三间厅的墙壁上、玻璃上仍然保留多处弹痕。历史事件：公元前779年，周幽王得美女褒姒，可美人却终日不笑。为此，幽王与奸臣虢石父商议妙计，点燃了骊山烽火台的狼烟。天下诸侯观烽火，速带领兵马救驾，幽王却告诉诸侯：“为取娘娘一笑而举烽火也”，于是褒姒大笑。各路诸侯乘勇而来，忿怨而归。犬戎国看到幽王昏庸无道，人心背离，趁机领兵进攻。兵临山下，周幽王急举烽火调兵，而诸侯无一路前来救驾。幽王携褒姒逃至骊山下，被犬戎所杀。留下了“一笑值千金”、“一笑失天下”、“烽火戏诸侯”的历史典故。而此烽火台就是高耸在海拔913.6米的骊山西绣岭第一峰上的烽火台。北宋嘉祐年间的骊山温泉，经过刘子颙等人一番苦心修缮，美不胜收，惹得四方游人蜂拥蝶聚，吟诗作赋，抒情怀古。在这些不胜枚举的诗赋艳词中，初露头角的文坛巨擘苏轼游骊山所作的 《虢国夫人夜游图》、《骊山》 等杰作卓尔不群。西安事变，又称“双十二事变”。1936年12月12日，为劝谏蒋介石停止内战，一致抗日。张学良、杨虎城在华清池发动兵变，扣留了时任国民政府军事委员会委员长和西北剿匪总司令的蒋介石。后蒋介石接受“停止内战、一致抗日”的主张，第二次国共合作实现，全面抗战局面形成，为中华民族的抗日战争胜利奠定了坚实的基础。游玩指南：景区内可以观看大型舞剧。景区在2007年推出的大型实景历史舞剧《长恨歌》， 2012年又推出的多媒体影像剧《玄境长生殿》。其中《长恨歌》只在4-10月期间演出，普通席位的票价，根据区域不同，在200-300元之间。还有根据历史事件改编的《1212西安事变》，真实而生动的展现了“西安事变”鲜为人知的历史原貌。如果想要尝试一下在这里泡温泉，那么可以入住华清宫内的酒店，这里提供天然的骊山温泉供住客享受。,image/100k1f000001gufv82E3E_D_256_180.jpg
2,秦始皇兵马俑博物馆,120,秦始皇兵马俑博物馆又称兵马俑、秦兵马俑。它是秦始皇陵的陪葬坑，与秦始皇帝陵一同组成了：秦始皇帝陵博物院。秦始皇兵马俑素有世界第八大奇迹之称。这里出土的一千多个士兵陶俑，形象各不相同，神态生动，是中国古代雕塑艺术史上的一颗璀璨明珠，被誉为“二十世纪考古史上的伟大发现之一”。历史背景秦始皇从13岁即位时就开始营建陵园，前后将近使用了72万人力，修筑时间长达38年，工程浩大。直至秦始皇去世陵园都未修建完成，由秦二世胡亥继续修建1年多才完成。传闻中，秦始皇耗费无数人力物力财力，为自己建造了一个地宫，而兵马俑就是地宫的守卫者。秦兵马俑可谓以俑代人殉葬的典型。秦俑之所以在规模、写实程度上达到如此的高度，除了工匠的智慧之外，还与这个皇帝的意志分不开。1974年3月，陕西省临潼区西杨村的农民打井时偶然发现了一些陶俑的残片，经考古工作者一年多的勘探和试掘，确认它是一座大型的俑坑，这就是举世闻名的一号兵马俑坑。1976年4月、5月在一号俑坑的两侧，又发现了二号、三号兵马俑坑，每个坑的大小形状、出土器具各有不同。有学者认为，三号坑是统帅一、二号兵马俑坑的指挥部，古代称为“军幕”。在秦兵马俑陪葬坑遗址上建立的秦始皇兵马俑博物馆1979年正式开放，主要参观点包括秦兵马俑一、二、三号坑、铜车马陈列厅及相关临时展览。参观导览博物馆门票可以参观包括一号坑在内的三个兵马俑坑和出土文物陈列室、铜车马展厅、秦始皇陵。这里出土的兵马俑根据装束、神态、发式的不同，可分为将军俑，武士俑，车士俑等，每一个陶俑的脸型、发型、体态、神情都各不相同。陶俑、陶马原本都是彩绘，由于后来的火烧和浸泡，大多已剥落变色。景区中的一号俑坑是较早发掘出来的。俑坑东西长约230米，南北宽约62米。根据试掘已出土陶俑、陶马的排列密度推算，一号兵马俑坑内约埋藏陶俑、陶马六千件，同时还有大量的青铜兵器。一号坑也是目前拼凑完成较令人震撼的一个展厅，你可以看到庞大的士兵陶俑军队矗立在俑坑内，形态各异，据说光是胡子的造型就有三十多种。仔细观察，每一个士兵都栩栩如生，从盔甲到表情，从武器到手掌上的纹路，无一不令人惊叹。二号坑和三号坑分别在一号坑的两旁。和一号坑一样有真人、真马大小相似的陶俑、陶马近二千件。有车兵、骑兵和步兵等不同的兵种，排列整齐有序。震撼虽然不如一号坑，但是因为每个俑坑的队伍、作用都不同，所以同样值得一看。兵马俑的塑造，是以现实生活为基础而创作，艺术手法细腻，陶俑装束、神态各异，具有鲜明的个性和强烈的时代特征。俑坑内出土的青铜兵器有剑、铍、矛、戈、戟、殳、弩机以及大量的箭镞等，大部分兵器历经两千多年依然锋刃锐利，表明当时已经有了很高的冶金技术。1980年12月，考古工作者在秦始皇帝陵封土西侧二十米左右、距地表约七米深的地下发掘出了两乘大型彩绘铜车马，这是我国考古史上发现较早、体形较大、保存较为完整的青铜车马，对我国秦代冶炼与青铜制造技术、车辆结构等具有重要的研究价值。每乘车前驾有四马，车上各有一御官俑。铜车马造型逼真，装饰华美，大量使用金银为饰品和构件，制作非常精巧，被誉为“青铜之冠”。出行提示秦始皇兵马俑博物馆天天游客如织，在参观时可以避开高峰，先从三号坑开始游玩。游玩完毕后，游客可以乘坐景区的旅游专车前往秦始皇陵。,image/100o1f000001gp44rA9EC_D_256_180.jpg
3,华山,100,华山古称“西岳”，为中国有名的五岳之一，位于陕西省华阴市境内。华山又有“太华山”的雅称，是中华文明的发祥地，“中华”和“华夏”之“华”，就源于华山。“奇险”两字是华山风光的精髓。“自古华山一条道”形容的就是华山的险峻，景区有长空栈道、鹞子翻身以及在峭壁绝崖上凿出的千尺幢、百尺峡、老君犁沟等多处惊险刺激的景点，亲临其境者，无不叹为观止。华山景区面积辽阔，包括主峰景区、西岳庙景区、仙峪景区等。其中主峰景区是华山的核心景区，包括“华山一条路”和东南西北中五大主峰。大多数人心中的华山，指的就是主峰景区。五大主峰东峰海拔约2100米，因位置居东得名。峰顶有一平台，居高临险，视野开阔，是观看日出的好地方，人称朝阳台，东峰也因之被称为朝阳峰。东峰由一主三仆四个峰头组成，朝阳台所在的峰头较高，玉女峰在西，石楼峰居东，博台偏南。东峰有景观数十余处，位于东石楼峰侧的崖壁上有天然石纹，形似一巨型掌印，这就是被列为关中八景之首的华岳仙掌，巨灵神开山导河的故事就源于此。西峰海拔约2000米，因峰巅有巨石形状好似莲花瓣，古代文人多称其为莲花峰、芙蓉峰。徐霞客《游太华山日记》中记述：“峰上石耸起，有石片覆其上，如荷花。”当指此石。西峰上景观比比皆是，有翠云宫、莲花洞、巨灵足、斧劈石、舍身崖等，并伴有许多美丽的神话传说，其中家喻户晓的沉香劈山救母的故事就流传于此。南峰海拔2100余米，是华山较高主峰，古人称它是“华山元首”。 南峰一侧是千丈绝壁，直立如削，下临断层深壑，同三公、三凤山隔绝。南峰由一峰二顶组成，东侧叫松桧峰，西侧为落雁峰。落雁峰名称的来由，传说是因为回归大雁常在这里落下歇息。北峰海拔约1600米，四面悬绝，上冠景云，下通地脉，巍然独秀，因有若云台，又名云台峰。唐李白《西岳云台歌送丹丘子》诗曾写到：“三峰却立如欲摧，翠崖丹谷高掌。白帝金精运元气，石作莲花云作台。”有名的“智取华山”的故事，就发生在这里。山上景观颇多，有名的有真武殿、焦公石室、长春石室、老君挂犁处等。中峰是去其它四峰必经的之地，居东、西、南三峰中央。峰上树林郁郁葱葱，环境清幽。峰头有道舍名玉女祠，传说是春秋时秦穆公女弄玉的修身之地，因此又被称为玉女峰。主要景观：华山有名的景区多达210余处，从古至今，无数文人墨客在此留下各种经典诗词。长空栈道位于华山南峰东侧山腰上，是华山派宗师——元代贺志真道长为远离尘世静修成仙，在悬崖绝壁上镶嵌石桩，铺上木板而成。走到栈道尽头，能够看到贺掌门修身的“贺祖洞”。修路者在峭壁上凿出石孔，孔中楔进石桩，石桩之间铺上宽约40厘米的木板，游客通过这里，必须身贴崖壁，手拉铁链，脚踏木板，侧身缓慢向前移动。西岳庙又名华岳庙，是历代帝王供奉和祭祀西岳大帝“少昊”的庙宇。它始建于汉武帝元光年间（公元前134-前129年），当时建在华山脚下的黄神谷（今黄甫峪）口。东汉桓帝时（公元147-167年）迁于现址，改为今名，唐宋明清历朝多次重修。苍龙岭上的台阶只有2尺多宽，两旁万丈深壑，势陡如刀削斧劈。岭脊上下高差约500米，坡度在45度以上。在这里遥望青松白云，耳听风声大作，令人心惊目眩。金锁关为华山五关之一，建在三峰口的一座石拱门上，是由五云峰通往东、西、南、中四峰的咽喉要道，锁关后则无路可通，所以又称为通天门。道家认为，华岳为仙乡神府，只有过了通天门，才算进入仙境。所以有“过了金锁关，另是一重天”的民谣。“自古华山一条路”即为“华山峪”登山道，包括了自古以来华山登山道上的沿途各景点，连起来就是通常所说的“自古华山一条路”。游览方式华山有两个山门（进山口）：东山门和西山门（也称华山门）。坐索道上山，前往东山门；如步行登山，从西山门进入。华山目前有东、西线两条索道，分别到达北峰和西峰。北峰上下均有索道，但是北峰索道较短，所以相对走的山路较长，比较适合体力较好或者有登山经验的人群。西峰同样可以选择索道上下，遵循西峰-南峰-东峰-中峰的路线，可以将除了北峰之外的山峰游览一遍，纵览胜景，较为轻松。一般全景游览会选择西峰上北峰下，这部分虽然山路较多，但大部分是下坡，相对来说较为省力。,image/CggYGlaPK46AEn13AC1KrpygMS8703_D_256_180.jpg
4,西峰,0,西峰海拔2082米，又因石叶如莲瓣覆盖峰巅，故又名莲花峰。它由一块巨石浑然天成，西北临空，绝壁悬崖如刀削锯截。东南陡坡下松柏苍翠，清泉如琴。峰南沿着山脊岭有一条通道与东峰相通，长300余米，一面为绝壁，一边是斜坡，也是华山险道之一。西峰景观很多，可以看到翠云宫、斧劈石、摘星辰、舍身崖、巨灵足、杨公塔等。西峰是华山最秀丽险峻的山峰，也是《宝莲灯》中沉香劈山救出三圣母的地方。现在翠云宫边上有一巨石中间裂开，切面笔直如被斧劈，名“斧劈石”。旁边还树立一柄长把大斧。攀上斧劈石，可以看到岩石间隙的地面上隐约有人形，似一个女子侧躺，据说就是三圣母被压在此留下的痕迹，为传说更增添了些奇幻的色彩。翠云宫为西峰上的主要建筑，也是山上唯一保存完整的一所建筑。它为两层四合院形式，前殿作为旅社。东殿是解放前“智取华山”时，伪保安六旅旅长韩子佩逃上华山后，以西峰为指挥部，他本人和主要人员就住在东殿的房间里，现在还有他住过的大床及用品。后殿供有三圣母像。,image/100f1f000001gqbta9D25_D_256_180.jpg
5,东峰,0,华山东峰，是华山主峰之一，这里是华山景区内观看日出最佳的地方，所以也叫朝阳峰。东峰由石楼峰、博台和朝阳台等几个峰头组成，其中朝阳台的海拔最高，居高临险，视野开阔，是观看日出的最佳地点。每当红日升起，照耀周围许多如削如切的山峰，景色瑰丽。东峰还有不少小景观。位于石楼峰侧的崖壁上有天然石纹，象一巨型掌印，这就是关中著名的华岳仙掌；朝阳台北有杨公塔，为杨虎城将军所建；此外，东峰还有青龙潭、甘露池、三茅洞、清虚洞等。但很多景观因年代久远或天灾人祸而废，现仅存遗址。清虚洞附近有一座孤峰，峰顶上有铁瓦亭一座，铁棋一枰，据说是宋太祖赵匡胤曾在这里和陈抟老祖下棋，后因输棋，就将华山输给陈抟老祖，亭得名“下棋亭”。如果想去下棋亭，则必须经过鹞子翻身这一段绝壁险道，有恐高症或者胆小的游客，可以根据自身情况决定是否前往。华山的日出有“十日九不出”的说法，所以能看到日出的人，是非常幸运的。东峰游览完毕，可以继续游览南峰等华山景点。如果想去东峰看日出，那住宿在东峰景区是个不错的选择，这样早上可以多睡会。东峰饭店是距离东峰最近的住宿点，多人间床位费约150元（无独立洗手间，不能洗浴），标间要上千元。东峰附近也可以露营，如果你选择露营，注意安全和保暖，妥善处理垃圾很重要。如果你住在中峰，那需要起得稍早些，中峰到东峰，约需1小时。,image/100b1f000001gsnupDD7A_D_256_180.jpg
6,中峰,0,中峰居东、西、南峰中央，略低于三峰，海拔2042.5米。峰上林木葱茏，环境清幽。峰头有座道舍，名为“玉女祠”，传说是春秋时秦穆公女弄玉的修身之地，因此峰又被称为玉女峰。史志记述，秦穆公女弄玉姿容绝世，通晓音律，一夜在梦中与华山隐士萧史笙箫和鸣，互为知音，后结为夫妻，由于厌倦宫廷生活，双方乘龙跨凤来到华山。因此中峰多数景观都与萧史弄玉的故事有关。如玉女崖、玉女洞、玉女石马、玉女洗头盘等。玉女祠建在峰头，传说当年秦穆公追寻女儿来到华山，一无所获，绝望只好建祠纪念。祠内原供有玉女石像一尊，另有龙床及凤冠霞帔等物，后全毁于天灾人祸。今祠为后人重建，玉女塑像为1983年重塑，其姿容端庄清丽，古朴严谨。峰上还有石龟蹑、无根树、舍身树等景观，与其相关的传闻都妙趣横生，从不同角度丰富了中峰的内涵，增添了中峰的神奇与美丽。,image/CggYGVXEFiWALYSuAC6PeNb2TzQ860_D_256_180.jpg
7,南峰,0,,image/100o1f000001gp3qp05DF_D_256_180.jpg
8,北峰,0,,image/10091f000001gsoma50B7_D_256_180.jpg
9,壶口瀑布,45,黄河壶口瀑布位于秦晋大峡谷黄河河床中，瀑布以东是山西临汾地区，以西是陕西延安宜川县，壶口瀑布陕西处，位于延安市宜川县城以东约35公里处。由于黄河水携带很多泥沙，这里成为了世界上少见的金黄色瀑布。黄河水一路咆哮至秦晋峡谷时，河面宽度由400多米骤然收缩为50米，倾泻于落差30米的石槽中，因其形似茶壶注水，得名壶口瀑布。黄河水在这里被峡谷聚拢，收束为一股，奔腾呼啸而下，跃入深潭，溅起巨大的浪涛，激起一团团水雾烟云，场面极其壮观。站在河边观看，无不被震撼。这里也被人们誉为“民族精神”、“黄河魂”和中华民族勇往直前的精神象征。壶口瀑布一年四季景色各异，最佳旅游时间分为两段，一是每年的4-5月份，瀑布附近桃花盛开，岸边冻结的冰块开始融化，一派春意盎然，被称为“三月桃花汛”。二是每年的9-11月份，此时雨季刚好过去，时有阵阵秋风吹过，常伴有彩虹出现，叫做“壶口秋风”。春、秋两季水量较大，水流拍击声如雷鸣般，比平日更加震撼。此外，在冬季有可能看到“冰瀑奇观”。河水从两岸形状各异的冰凌中飞流直下，瀑布下搭起美丽的冰桥。两岸溢流形成的水柱如同冰峰一样倒挂在悬崖上。,image/100b1800000148ptx003D_D_256_180.jpg
10,黄帝陵,0,黄帝陵，位于黄陵县城约1公里的桥山上，是中华民族的始祖——轩辕黄帝的陵园，为中华儿女祭祖的圣地。全国多处都有黄帝陵，但只有黄陵县的黄帝陵，被列为国家重点文物保护单位。黄帝陵四周古柏成林，历代政府对保护黄帝陵的古柏树都很重视。黄帝陵景区，由轩辕庙和黄帝陵园两部分组成。轩辕庙也称黄帝庙，坐北朝南，最早建于汉代，主要建筑有庙门、诚心亭、碑亭和人文初祖殿。院内有古柏16颗，最珍贵者当属“黄帝手植柏”与“汉武挂甲柏”。黄帝手植柏，高约20米，苍劲挺拔，叶子四季不衰，层层密密，像个巨大的绿伞。相传这棵柏树是轩辕黄帝亲手所植，距今5000多年，是世界上最古老的柏树。轩辕庙的东侧碑廊内，珍藏历代帝王御制祭文碑57通。轩辕庙的大殿上悬“人文初祖”金字匾额，殿内正中置牌位，上书“轩辕黄帝之位”6字，神龛内为墨玉刻制的黄帝浮雕像。自唐代宗大历五年（公元770年）建庙祀典以来，这里一直是历代王朝举行国家大祭的场所。新中国建立后，每年清明节、重阳节均在此进行祭祀典礼，特别是清明节国家公祭已是中华民族传统祭祀大典（清明节公祭不对普通游客开放）。 ,image/100f1f000001gqa6k6C81_D_256_180.jpg
11,书院门文化街,0,书院门步行街，位于古城南城门（永宁门）东侧，西面连着南大街，向东的尽头靠近碑林博物馆。明、清两代陕西的最高学府“关中书院”就位于这条街上。古色古色的街道旁，处处都是字画店铺和经营文房四宝的小店。当你从南大街拐到这条街上，会感到忽然间安静了下来，街道两旁是青一色仿古建筑，脚下是青石板铺路，处处都是高大的槐树。只有五百多米的街道上，集中了上百家店铺，销售着全国各大旅游景点都在卖的“纪念品”。民间书画爱好者必来与国内其他的商业步行街相比，这里卖字画的店铺特别多，里面不仅有许多民间书画爱好者的作品，也有不少名家名作（但是也有不少赝品）。还有许多临街摆设的摊位，其实就是张书桌，主人就在此写字、作画，也出售作品，其中不乏高手。对于他们来说，售卖的同时，可能更享受与同门友人互相切磋技艺的过程。挥毫作画离不了笔墨纸砚，这里有专门经营文房四宝的小店，可以购买到上好的宣纸，精制的墨砚等等。街上还有不少民间工艺品小店，碑帖拓片、古老的乐器“埙“、极具本地特色剪纸和皮影，样样齐全。,image/100a1f000001grkx2AE47_D_256_180.jpg
12,永兴坊,0,永兴坊是唐长安城108坊之一，位于小东门里西北角，紧邻城墙，这里在唐太宗时期，是宰相魏征的相府。如今这里成为了西安城内新兴的网红打卡地之一。永兴坊分为关中街、陕北街、陕南街。来到这里，可以尝遍到陕西不同地域的美食。这里也是陕西非物质遗产美食文化一条街，闻名全国的西安摔碗酒也诞生在永兴坊。,image/10031f000001grz1s5C72_D_256_180.jpg
13,杨家岭革命旧址,0,延安市区西北约3公里处的杨家岭（革命旧址），是老一辈中央领导人在延安居住时间较长的一个地方。从1938年日军轰炸延安后，当时的中共中央就搬到了这里，一直到1943年10月才离开。期间，中共中央在这里领导和开展了轰轰烈烈的大生产运动和延安整风运动。杨家岭革命旧址分为路南和路北两个部分。路南是当年的中央大礼堂，路北是故居。礼堂是由一座基督教堂改建而成。具有重要历史意义的党的“七大”就是在这座礼堂召开的。与礼堂一街之隔，你能看到一座具有西洋风格的“飞机楼”，这就是当年中央办公厅驻地，也是1942年“延安文艺座谈会”的旧址。座谈会之后，根据地开展了轰轰烈烈的文艺整风运动，一批反映工农兵生活斗争的作品陆续诞生，如：《白毛女》。《太阳照在桑乾河上》。,image/10031f000001grzo9DB36_D_256_180.jpg
14,枣园革命旧址,0,1944年至1947年3月，中共中央由杨家岭迁驻到枣园，1947年中央撤出延安后，枣园遭到严重破坏，现存建筑都是建国后重建的。景区目前开放了中央书记处小礼堂、伟人们的旧居、“为人民服务”讲话台、中央医务所、幸福渠等景点。景区免费开放，目前也不需要领取参观券，游客可以直接进入游览。枣园原本是一家地主的庄园，这里和杨家岭不同，如果说杨家岭的窑洞是陕北民居景观，那这里就充满了田园风光。当你走入枣园时，会感觉这里像一个开阔的农场，园子内草木茂盛。位于枣园右侧靠近山坡的地方，能够看到当年修建的“幸福渠”，就是这条渠，把园内的旱地变成了水浇地，庄稼也年年丰收。在枣园的中央，你可以看到当年中央书记处的小礼堂，这里也是书记处的俱乐部和会议室，当年“重庆谈判”的决策，就是在这里确定的。历史上还有很多大事件都是发生在这个园子里。,image/100t1f000001gq9wh358F_D_256_180.jpg
15,红色历史舞台剧《延安保育院》,0, 《延安保育院》介绍《延安保育院》是由陕旅集团倾力打造的一部气势恢宏、真实感人、充满人性大爱，彰显人文情怀的大型红色历史舞台剧。它依托大量珍贵史料，通过回家、成长、转移、东渡四幕讲述了中国革命战争时期，一支红军部队遭遇敌军袭击，烈士遗孤被送到延安保育院后，在党中央领导、革命战士和保育院妈妈的呵护下成长学习的故事，集中展现延安保育院在中国革命战争历史时期的生动景象，彰显了无私人间大爱。作为一部融历史性、民族性、创新性、艺术性于一体的红色经典剧目，《延安保育院》结合了舞蹈、民歌、秧歌、安塞腰鼓、道情、纺线织布、开荒种地等极具地方特色的艺术表现形式，使革命年代的生活场景纷呈毕现，让观众仿佛置身于真实的革命年代。《延安保育院》还运用当代先进的舞美、灯光、音效等舞台理念和设备，创造出身临其境的梦景。它采用整体倾斜式、分体90°垂直升降的全自动舞台、600多个震动座椅、全方位环绕音响以及高科技的三维成像技术为观众呈现了巍巍宝塔山、奔腾延河水、呼啸的战机、激烈的战争、浪漫的星空等延安时期的多维战地时空，观众既有历史的临场感，又有现实的震撼感。经过两年多的常态化演出，《保育院》凭借丰厚的历史底蕴、深刻的精神内涵、精湛的舞台艺术以及优质的品牌形象，广受好评剧情介绍序     幕抗战初期，一只红军部队遭遇敌军的袭击，一位英勇的战士母亲不幸遇难，她留给孩子的信物只是一顶用鲜血写着孩子名字“宏远”的军帽。孩子在红军战士们的呵护下安全转移至延安，随后又被送往延安保育院生活学习。第一幕 回家保育院的生活艰苦而快乐，那些因战争被收留的孩子在这里幸福的成长。当年从母亲怀中被救回的男孩宏远也已经长大，但却性格孤僻，不愿意说话，整日戴着母亲留给她的那顶大大的红军帽，将自己封闭起来。第二幕 成长院长和保育员们决心要帮助他彻底打开心结，保育院浓浓的爱滋润每一位孩子的心，就像夜空中的点点繁星，为他们撑起一片爱的天空。以为即将奔赴战场的父亲在千里之外给保育院从未谋面的孩子打来了电话，父子之间一场生离死别的相认，却被战争无情的切断……第三幕 转移  局势变得越来越严峻，为了保护孩子的安全，上级指示，保育院所有人员必须立即转移。在严酷的现实面前，保育院院长忍痛将自己的女儿红霞留下，将跟多的希望留给了其他孩子，队伍转移途中，孩子们被来自四面八方绵延不断的亲情护卫着，也亲眼目睹和经历了一次又一次的生死考验。第四幕 东渡亲人一个个地逝去，就像惊天动地的雷声震撼着孩子们的心，宏远的心结在这一刻被彻底打开，面对着滔滔河水，他和同伴们声嘶力竭的喊出了内心深藏已久的妈妈。生命永远地消失了，但许许多多像放羊老人、保育院院长和保育员一样前赴后继的无名英雄们，却用无私的大爱唤醒了新中国黎明的曙光。红色的土地从此闪耀出不朽的光辉，伟大的延安精神引领者无数的后来者奋勇前行。,image/10070g0000008lzdi1677_D_256_180.jpg
16,红秀《延安延安》,0,,
17,《驼铃传奇》秀,0,,
18,大明宫国家遗址公园,60,唐代的大明宫是长安城中最为辉煌壮丽的建筑群。公园建在大明宫的遗址上，这里有含元殿等宫殿的台基、墩台遗址；能欣赏到复原的大明宫微缩景观；观赏IMAX 3D影片《大明宫传奇》，还能体验文物的考古发掘和修复。景区有南门和东门，南门是正门，游客中心也位于南门，建议游客南门进入景区。遗址公园分为免费区和收费区两部分，其中收费区是景区的核心区域，包括含元殿、宣政殿和紫宸殿遗址以及大明宫遗址博物馆。免费区内的部分景点也需要购票，如丹凤门遗址博物馆、考古探索中心等。在收费区内，游客可以观赏到各大殿的台基遗址以及在台基遗址上用轻钢结构呈现出的宫殿轮廓。在大明宫遗址博物馆内，能够观赏到遗址内出土的文物，如：皇家用具、器皿等。博物馆的东北角，还有按照1:15比例复原的大明宫微缩景观，最高的微缩宫殿高约2米左右，你可以“行走“在景观中的街道上，融入盛唐大明宫之中。靠近南门的丹凤门遗址博物馆内，保存了当年丹凤门的门阙墩台遗址，这里是中国历史上可考的最大一座城门。在丹凤门的西北部有考古探索中心，在这里可以亲身体验文物考古发掘和修复工作，特别适合对文物工作感兴趣的游客。在游客中心旁的影院内，游客可以观赏到IMAX 3D影片（大明宫传奇，在3D环境下，观众犹如穿越历史大门，置身1300年前的盛唐王朝。,image/10011f000001h396493C8_D_256_180.jpg
19,大明宫遗址博物馆,0,大明宫遗址博物馆位于大明宫国家遗址公园中轴景观中心地下，采用半地下结构设计。这是一座以展示唐代大明宫历史文化为主题的综合性博物馆，分序厅、千宫之宫、如日之升、万国来朝、守望辉煌几个展厅展出了大明宫遗址出土的文物、相关资料以及大唐皇家使用的用具、器皿等。走进博物馆首先看到的是大厅中央陈列的大明宫遗址公园建成前后的模型沙盘。馆内展出了兽面纹方砖、团花纹方砖、菱格草纹方砖、鸱尾、石螭首、三彩马 、石刻飞兽、白石象、文官俑等文物267件（组），均为唐代文物精品。,image/10041f000001gp9oaF26E_D_256_180.jpg
20,秦始皇陵文物陈列厅,120,秦始皇兵马俑博物馆里有一座秦始皇帝陵文物陈列厅，在陈列厅里展出的大量出土文物当中，重量级的国宝当属造型逼真、制作精巧，被誉为世界“青铜之冠”的两乘大型彩绘铜车马。,image/10081f000001gqhq480E6_D_256_180.jpg
21,大唐不夜城,0,,image/100c1f000001gsxqd9E36_D_256_180.jpg
22,大雁塔,30,大雁塔，位于市区南部大慈恩寺内。大慈恩寺是唐代长安城内最宏丽的皇家寺院，建于唐太宗时期，是太子李治为了追念母亲文德皇后而建，并由西行取经归来的玄奘法师担任“首任主持”。期间，法师督造了大雁塔。玄奘法师在大慈恩寺翻译佛经、弘扬佛法11年，并创立了佛教的“相唯识宗”，使大慈恩寺成为唯识宗（又称“法相宗”）祖庭。期间，为供奉从印度请回的经像和舍利，法师亲自督造修建了大雁塔。如今的大慈恩寺，是明代在原寺院“西塔院”的基础上修建而成的，现存的殿堂则多是清代建筑。寺院内中轴线上的主体建筑依次是大雄宝殿、法堂、大雁塔、玄奘三藏院。其中，大雁塔内和玄奘三藏院分别供奉的佛舍利和玄奘法师的顶骨，是大慈恩寺的“镇寺之宝”。寺院中轴线以东是塔园，园内的塔林，共有舍利塔九座，供奉着自清代以来本寺九位高僧的舍利子。大慈恩寺的南、北都有广场。周边还有陕西博物馆和大唐芙蓉园等景点。,image/100i1f000001gp3tfE7FE_D_256_180.jpg
23,陕西历史博物馆,0,历史背景：陕西历史博物馆位于西安大雁塔的西北侧，是西安的名片性景点之一。博物馆筹建于1983年，1986年夏天动工，1997年6月20日正式建成开放，并定名陕西历史博物馆。2016年，陕西历史博物馆被中国文物学会、中国建筑学会评选入“中国20世纪建筑遗产”。博物馆特色：陕西历史博物馆是大型现代化博物馆，它的建成标志着中国博物馆事业迈入了新的发展里程。这座馆舍为“中央殿堂、四隅崇楼”的唐风建筑群，主次井然有序，高低错落有致，气势庄重，融合了民族传统、地方特色和时代精神于一体。馆区占地 65000平方米，收藏着上起远古人类初始阶段使用的简单石器，下至1840年前社会生活中的各类器物38万余件文物，时间跨度长达一百多万年。文物不仅数量多、种类全，而且品位高、价值广，馆中藏品可谓琳琅满目、精品荟萃。是展示陕西历史文化和中国古代文明的艺术殿堂，被誉为“古都明珠，华夏宝库”。博物馆内有许多珍品，商周时期的青铜器、历代陶俑、汉唐的金银器具和唐墓壁画等珍品文物，而且大多为汉、唐盛世时期的珍宝，其中不乏国家禁止出境的精品。馆藏珍品：博物馆中央有三个展厅，第一展厅展示了从史前文明115万年前蓝田猿人到秦朝这一段时期的文物；第二展厅展示了两汉与魏晋南北朝的文物；第三展厅则以盛唐的文物为主。每个展厅都有自己的镇馆之宝。中央大厅的东、西两侧都设有特殊展厅。西侧设有“大唐遗宝专题展（珍宝馆，何家村出土文物）”，很多盛唐时期的金银器精品都转移到这里展出。东侧设有“唐代壁画珍品展”，展出了一批唐墓壁画的真品。旟鼎旟 [yú] 鼎放在博物馆进门第一展厅的位置，可谓是第一展厅的镇馆之宝。这里放置的是复制品，真品保留在仓库中。外壁铭文：铭文“普天之下，莫非王土；率土之滨，莫非王臣”的字样，反映了西周时期的土地占有制度。旟鼎内壁共铸铭文四行，28字，大意是说：某年八月初，王姜将原赐予师栌的土地收回，转赐给旟，旟便做此鼎纪念。皇后玉玺：第二展厅中值得一看的珍宝之一，便有这尊单独陈列的汉代皇后玉玺。这枚玉玺通体为新疆和田羊脂玉所作，上刻有一螭虎，象征王权。三彩载乐骆驼俑：这尊举世闻名的三彩载乐骆驼俑就位于陕西历史博物馆的第三展厅，整体外观、颜色均保存完好。骆驼背上坐了七个男子，手里拿着不同的乐器。其中的执拍板俑，侧耳凝神，像是被那美妙音乐所陶醉。中间的女性正在表演，骆驼张着大嘴，仰面向天，仿佛也在配合主人引吭高歌。镶金兽首玛瑙杯：这尊位于特设展“大唐遗宝专题展”里的文物，是国家文物局列为首批六十四件永远不许出境展览的国宝之一。另外还有黑釉油滴碗、青釉提梁倒注瓷壶、鎏金银竹节铜熏炉、鸳鸯莲瓣纹金碗等等众多珍宝。游览建议：博物馆每天都赠发6000张门票，游客可以凭身份证免费领取，也可以网上预约。但是免费门票数量有限通常需要排队，且只能参观第一、第二、第三展厅，建议购买珍宝馆门票，即能欣赏到这些珍宝，又节约了领取免费参观券的排队时间。,image/0103k120006t7ckgl8C33_D_256_180.jpg
24,西安城墙,54,西安城墙，是古都西安的标志性景观，也是我国迄今保存最完整的古城墙。全长约14公里是在唐代皇城的基础上建成的，包括护城河、角楼等一系列设施。历史背景：西安城墙又称西安明城墙，现存城墙为明代建筑，全长13.7千米，始建于明太祖洪武三年（1370年），于洪武十一年（1378年）竣工，是在明太祖“高筑墙、广积粮、缓称王”的政策指导下，在隋、唐皇城的基础上建成的。之后明太祖朱元璋将次子朱樉册封为秦王，藩封、府治同在一城，因而城池规模宏大坚固，再加上后来明清屡次修葺、增建，至今保存完好。2004年初，西安市含光门段城墙道路工程施工，陕西省文化遗产研究院受有关部门委托，配合工程，对该处暴露的城墙断面展开考古调查，认定它结构复杂，时间跨度从隋唐至现代，历经五次大的修筑而成，十分具有历史价值。城墙结构：城墙上的建筑分为：敌台、正楼、箭楼、闸楼和角楼城门西安城墙现有城门18座，从永宁门开始顺时针依次为：永宁门、朱雀门、勿幕门、含光门、安定门、玉祥门、尚武门、安远门、尚德门、解放门、尚俭门、尚勤门、朝阳门、中山门、长乐门、建国门、和平门、文昌门。其中只有永宁门完好的保存了三道城墙，这是当时因为军事防御的需要，安远门、长乐门、安定门因时间久远，只剩下了两道城墙。而城墙边的门洞都是民国时期建造的。其余十四座城门均为后期修建。据历史学者考证，唐代名臣长孙无忌就住如今的建国路。震惊中国外的西安事变，其重要人物张学良将军的公馆就坐落于此。如今张学良公馆已被国家列为全国重点文物保护单位。登楼目前西安城墙共有八处可以登城，分别是：东门（长乐门）、南门（永宁门）、西门（安定门）、北门（安远门）、含光门、文昌门、和平门、尚德门，游客可以就近登城。其中南门是西安城的迎宾门，也是游客选择最多登城的一个门。登城54元。目前西安城墙和西安碑林博物馆发售联合套票，游客购买套票后，可以游玩以上两个景点，套票面值100元。游客可以选择闲庭信步，也可以选择骑自行车环绕城门一圈，自行车仅在东门（长乐门）、南门（永宁门）、西门（安定门）、北门（安远门）可以租借，具体详细咨询租借处的工作人员。不过要提醒的是，城门上的道路并不是平整的，骑车要注意安全。,image/0103t1200047hx9hh441D_D_256_180.jpg
25,大雁塔北广场,0,大雁塔北广场位于大雁塔脚下，是国内最大的唐文化主题广场之一。广场由中央的音乐喷泉和东西两侧的“戏曲大观园”、“民俗大观园”组成。广场旁的步行街上还有一些反映唐代民众生活场景的系列雕塑。广场上最吸引游客的是位于中轴线上“音乐喷泉”。表演时喷泉样式多变，特别是夜晚的表演，在背景灯光的映照下，更显的流光溢彩。每到夜晚表演时，广场上人山人海，如果准备此时来观看表演，建议提前到达，以免挤不进人群而影响观看。每次喷泉时间约25分钟。广场东侧，是突出陕西地方特色的 “戏曲大观园”。园中有戏曲彩绘雕塑、地方戏曲铸铜浮雕等雕塑群。漫步其中，《五典坡》、《斩李广》等多个秦腔传统剧目组成的雕塑群，展现出“大秦腔”的独有魅力。广场西侧，是以陕西民俗文化为主题的“民俗大观园”，大观园内有活灵活现的雕塑，如：皮影、陕西八大怪、踩高跷、农村嫁娶及白鹿原系列等，展示了陕西各地的民俗风情。广场以及周边有一些餐饮饭店，但价格略贵于市区普通地段，广场东边有家肯德基餐厅。从广场出发，沿着小寨东路向西步行约10分钟，可到陕西历史博物馆。,image/100r1f000001gopuhCE3C_D_256_180.jpg
26,汉城湖景区,0,汉城湖，位于西安市西北部，原为团结水库，水面最宽处为80米，最窄处30米，水深4至6米，湖面850亩，是集防洪保安、园林景观、水域生态、文物保护和都市农业灌溉为一体的特色生态公园。西安汉城湖景区规划用地面积2890亩，游客可以乘船欣赏汉城湖两岸独特的风光，有服务设施配备齐全的豪华画舫船；有安全、舒适、平稳的仿古画舫船；还有具有现代风格的大型游轮。途中可以感受到别有韵味的小桥流水、精致典雅的古典园林。西安汉城湖景区还可以乘观光车欣赏汉城湖旅游风景区，沿途设立了多处乘车站点，让西汉的烟尘东汉的风洗去现实生活中的疲倦，承载着梦想穿梭于曲折蜿蜒的林间小道，静听着与千百年前没有丝毫差异的风声鸟语，柳暗花明，低头望去，一幅长卷优美如画尽收眼底。,image/10081f000001gqgbu0DA7_D_256_180.jpg
27,汉城湖大风阁博物馆,0,大风阁是西安汉城湖的标志性建筑。大风阁是主体高度为63.3米的仿汉建筑，取意于汉高祖刘邦的《大风歌》“大风起兮云飞扬，威加海内兮归故乡，安得猛士兮守四方”的意境。是汉城湖水利风景区的制高点，为景区的标志性建筑之一。阁内设有《大汉天城》多媒体演示项目及五、六、七层布设的汉代服饰、汉代军事、汉代帝王、汉代典故等图片、实物展示。市民、游客可乘坐电梯抵达最高层，登阁远望，一览汉城湖全景。夜幕降临后，大风阁在灯光的衬托下，显得更加巍峨震撼。,image/100t1f000001gqba1EC97_D_256_180.jpg
28,西安碑林博物馆,65,西安碑林博物馆位于文昌门附近，馆内由碑林、石刻艺术等部分组成，其中由历代碑石、墓志组成的碑林是馆内的亮点，其中包括颜真卿、柳公权、怀素等书法名家的碑刻，还有《石台孝经》和《开成石经》两块唐代碑刻。收藏的碑刻中，精品众多在碑林博物馆内，你能够欣赏到历朝历代的碑刻和墓志，这里收藏的碑刻和墓志时间跨度长达2000多年。其中的珍品有：颜真卿的《颜勤礼碑》、《颜家庙碑》等，是标准的“颜体”；柳公权的《大达法师玄秘塔碑》，是“柳体”中最典型的代表作；唐代怀仁和尚从晋王羲之遗留的墨迹中选集而成的《大唐三藏圣教序碑》；著名草书家怀素的《千字文》，笔意奔放。《石台孝经》和《开成石经》很受欢迎除了书法大家的石刻外，最受游客欢迎就是《石台孝经》和《开成石经》两块碑刻。《石台孝经》，是儒家经典，碑文由两个皇帝以四种字体书写的，即：唐玄宗李隆基以隶书书写碑文，又以楷书作小字注释，又在碑刻成后在碑侧用行书作批注，而此这块碑的碑额是由唐肃宗李亨用篆书所写的。《开成石经》刻成于唐文宗开成二年（公元837年），一共包括诗，书，礼，易，春秋等十二部经书。可以购买碑帖在碑林博物馆浏览时，还可以在馆内的“石刻艺术馆”中观赏到四神墓门、唐昭陵六骏图、孔子见老子图、青龙朱雀图等精美的石刻。游玩后，还可以购买到用原碑刻拓印出来的“碑帖”，不过这里的“碑帖”价格不算便宜，从几百元至上千元不等。如果你的要求不是很高，可以在碑林边上的书院门步行街上购买碑帖，价格相比较便宜些。,image/CggYHlXKt6qAf3pwAAntsbI34r4450_D_256_180.jpg
29,钟鼓楼广场,0,西安钟鼓楼广场又叫尚书省广场，位于东西南北四条大街的交汇处，面积达6万平方米，仅次于北京的天安门广场。广场东侧为有着600多年历史的钟楼，西侧为全国最大的鼓楼。20世纪90年代末，钟鼓楼广场建成后，钟楼和鼓楼得以相视而望。据考证，这里曾是盛唐时期尚书省所在地，为当时执行国家政务的最高行政机关。如今建成的钟鼓楼广场绿草如茵，草坪用石板隔成了九经九纬，就是唐长安街坊棋盘式的结构。广场北侧，建有“同盛祥”、“德发长”、“王海棠”等久负盛名的老字号店铺；而广场下面则是世纪金花购物中心。另外钟鼓楼广场上还建有音乐喷泉，夜幕降临，广场、钟楼、鼓楼的灯光都亮起的时候非常漂亮。即使不登钟、鼓楼，在广场上欣赏一下这唯美的夜景，也会有不一样的感受，许多漂亮的摄影照片都是在这里拍出的。,image/0100d1200086v5yc5AEC4_D_256_180.jpg
30,回民街,0,回民街不只是一条街，是西安市中心回民聚集区内多条街道的统称，由北院门、北广济街、西羊市、大皮院等街道组成。这里是西安小吃的集中地，作为几百年历史的回民区，这里还能感受到浓浓的穆斯林气息。能吃到几乎所有的西安小吃这里也称为“回坊”、“坊上”，在这里你能够吃到几乎所有的西安小吃，包括各种烤肉串、羊肉泡馍、灌汤包子、麻辣羊蹄、水盆羊肉、酸菜炒米、腊牛羊肉、凉皮、羊肉饼等。在这里吃饱喝足后，还可以买一些具有当地风味的糕饼、干果、蜜饯等小吃，作为伴手礼带回家赠送亲朋好友。浓郁的穆斯林气息回民街是一个有着几百年历史的回民老街区，这里洋溢着浓厚的穆斯林文化气息。街区内有年代不一的多座清真寺，如化觉巷大清真寺、广济街清真小寺、大学习巷清真寺等。这里有约2万名回民依寺而居，维持着原有的宗教传统和生活习惯。多数游客游玩回民街从西大街的北院门处开始游玩，这里距离西安鼓楼和钟楼都不远。,image/10010i0000009a0bf587C_D_256_180.jpg
31,高家大院,0,高家大院在北院门清真小吃街上，是砖木结构的四合院，明朝末年崇祯时期开始兴建，到清朝乾隆时期基本初具规模，主体完工与乾隆时期，到道光年间才整体完工。现在，大院内从观赏性方面向中外游客展示明清时期的建筑艺术、家居、砖雕艺术以及传统民居楹联，从文化方面通过藏传佛教唐卡艺术的制作、陕西风格的民间剪纸、皮影戏、木偶剧和汉唐歌舞等多种文化艺术形式进行了展示。高家祖先以经商为主，后来老祖高岳崧进京入诏。太后下令国家拨款翻修，进北院门的官员都要下轿。大院大发展是在乾隆时期，当时高家三子喜中榜眼，得乾隆御批榜眼及第。家族文、武、商俱全。,image/100m1f000001gzoouEBC7_D_256_180.jpg
32,大唐芙蓉园,0,位于大雁塔东南侧的大唐芙蓉园，建于原唐代皇家芙蓉园遗址上。如今这里拥有国内最大的仿唐建筑群，来到这里，观赏恢弘的仿唐建筑，欣赏灯光衬托下的美景，还可以观看具有盛唐风情的歌舞《梦回大唐》。园区分为多个区域大唐芙蓉园以芙蓉湖为地理中心，紫云楼、陆羽茶社、凤鸣九天剧院等众多景点，环绕分布在湖的四周。整个园区又分为十二个文化主题区域，从帝王、诗歌、民间、饮食、歌舞特色等各方面，再现了大唐盛世的灿烂文明。园中的夜景，也是极具璀璨色彩。每当夜幕降临，华灯初上时，游历于灯火辉煌中的唐文化长廊、芳林苑、紫云楼等地，处处灿烂夺目，在月色和灯光的映衬下，大唐芙蓉园更显高雅之美。有各种精彩的演出节目园区内还会上演各精彩节目，包括祈天鼓舞、“教坊乐舞”宫廷演出、“艳影霓裳”服饰表演等。每晚在紫云楼北广场上演的全球最大水幕电影，将带给你全新的立体震撼。更多节目表演，可参考官网。西门入园比较方便游玩芙蓉园，建议从西门（正门，也称御苑门）入园，入园后沿着湖边小路，顺时针环绕芙蓉湖游览各个景点。,image/0106k1200084rjzoj5C6D_D_256_180.jpg
33,小雁塔,0,小雁塔位于荐福寺内，因为塔形似大雁塔并且小于大雁塔，而得名。与大雁塔的喧嚣相比，小雁塔安静了许多。小雁塔下，露天摆放着不少历代精美的石佛、石狮、石马、拴马桩等石雕，喜欢民俗文物的游客不能错过。小雁塔建于唐景龙年间（公元707年），是为了安置印度取经归来的“高僧义净”翻译佛经而建。初建时为十五层， 后因遭遇多次地震，现在仅存十三层。塔的内部有木梯，盘旋而上可达塔顶。荐福寺创建于唐睿宗文明元年（公元684年），原址位于唐长安城开化坊，后被毁，在如今的地址重建。寺内保存有公元1192年（金明昌三年）铸造的大铁钟。在清代，每天清晨这里会敲钟，这就是著名的“雁塔晨钟”。如今每年的元旦，这里会举办敲钟祈福的活动。2007年，在荐福寺内又修建了西安博物院，增加了湖面以及新的园林绿化景观。,image/10011f000001h3812A198_D_256_180.jpg
34,金锁关,0,金锁关为华山五关之一，建在三峰口的一座石拱门上，是由五云峰通往东、西、南、中四峰的咽喉要道，锁关后则无路可通，所以又称为通天门。道家认为，华岳为仙乡神府，只有过了通天门，才算进入仙境。所以有“过了金锁关，另是一重天”的民谣。金锁关北接五云峰，南控华山主峰，东西两侧壑深千丈，关前仅有一米宽的台阶石径。从这里回首北望，苍龙岭更加险奇，云台峰倍觉秀丽。环周古松苍翠，奇石林立。站在关前，北可观锦鸡守玉函奇石，西能望老虎口景观。关内关外登山路两侧铁索上挂满的情侣锁、平安锁重重叠叠，红绳彩线迎风摇曳，也是关前一道美丽的风景。,image/CggYGVXKsJmADyBQABNf0c2NZ6g530_D_256_180.jpg
35,长空栈道,0,,
36,鹞子翻身,30,,
37,西安博物院,0,西安博物院位于荐福寺院内。通过院内的主题陈列 “古都西安”，你能了解到西安千年的建都历史和都城发展史。院内还有从周至明清各个朝代的西安城的“城郭模型”，能够看出历代都城的规模、布局和当时的生活状况。博物院还收藏了众多西安地区各时代的文物，一部分文物出土于周、秦、汉、唐等中国历史上的重要朝代，其中不乏精品文物，如：唐代“三彩诞马”，采用了无鞍无缰的造型，体现了唐代自由不羁的社会风尚；带莲瓣纹的底座与塔式盖罐相配的唐代“三彩莲瓣器座”，具有明显的佛教含义；西汉文物“蒜头壶”，是秦文化的代表性器物，起源于关中，后随着秦的统一战争传播到各地，到了西汉中期，蒜头壶基本消失。此外，博物院还有专题陈列，如：佛教造像艺术、古代书画、玉器、以“颗栗大千”为题的印章等等。博物院与小雁塔同处一院。,image/100d0b0000005o7g9ECDB_D_256_180.jpg
38,法门寺,120,法门寺，位于宝鸡市扶风县以北约10公里的法门镇，始建于东汉末年。这座唐代的“皇家寺庙”，因安置了佛教界至高圣物——佛祖释迦牟尼的“指骨舍利”，而成为举国仰望的佛教圣地。如今的法门寺分为两部分：唐代风格的旧址建筑群（法门寺院和珍宝馆）与令人争议的新建文化景区。你可以从旧址买票入内，也可以在新建的文化景区西侧的山门广场买票进入。看遍法门寺的全部珍宝作为游客，如果想看遍法门寺的全部珍宝，那么旧址的法门寺院内的地宫、珍宝馆以及文化景区内的合十舍利塔等这三个地方都要走一遍，因为三枚“影骨”（用玉石按照真骨的形状和大小而特制的，起到保护真骨的目的）存放在地宫中；出土的唐王朝皇室供佛的珍宝，在珍宝馆内展出；而最为珍贵的“佛指（真身）舍利”，则被安放在文化景区最东侧的合十舍利塔内，这座新建的建筑，某年不幸的被评为十大最丑建筑之首。如果你是从文化景区西侧的山门广场进入景区，那么呈现在你眼前是长约1公里的佛光大道，大道两旁站立着十尊闪耀着金光的巨大菩萨雕像，大道东侧的尽头就是合十舍利塔，大道上有观光车可以乘坐，30元往返，招手即停。佛祖指骨舍利，只在农历每月的初一和十五、周末和重大节假日才对外放开放。文化景区的西南边就是法门寺院和珍宝馆。寺院内的真身宝塔下，就是发现“佛指舍利”的地宫，如今在地宫中可以近距离观赏三枚“影骨”。从地宫出来，你还可以在清净的寺院中随意逛逛，寺院中有钟鼓楼，大雄宝殿和放生池等，都是典型的唐代风格建筑。珍宝馆内安放着百件珍宝在旁边的珍宝馆（也称博物馆）内，展出了地宫出土的文物精品。你能够观赏到唐皇室供佛的上百件珍宝，件件都让人为之惊叹。其中有：安放舍利的八重宝函、十二环锡杖、纯金塔、汉白玉灵帐、秘色瓷、皇帝使用的茶具等等。这些珍宝有的是用纯金打造，有些珍宝的制作工艺已经失传，有的是全世界仅有的，体现了当时唐帝国的极度富有和皇室礼佛的一片诚心。法门寺周边有餐饮和住宿服务，多数游客会选择返回西安住宿。在文化景区西侧附近有家佛光阁大饭店，可以在这里吃到特色素食，不过价格很不便宜。在旧址附近有快餐可以选择，或者你也可以自带干粮。,image/100t0w000000ks73bCBAF_D_256_180.jpg
39,乾陵,100,乾陵，位于咸阳市乾县城北6公里的梁山上。乾陵修建于公元684年，经过23年的时间，工程才基本完工，陵区仿京师长安城建制，四面有城墙，南有朱雀门，北有玄武门，东有青龙门，西有白虎门，但如今陵园的地面建筑，已经基本荡然无存了。独一无二的夫妻皇帝合葬陵乾陵，是中国乃至世界上独一无二的一座两朝帝王、一对夫妻皇帝合葬陵，里面埋葬着唐高宗李治和他的妻子——中国唯一的女皇帝武则天。乾陵也是中国古代帝王陵墓中少数没有被盗掘的陵墓，乾陵至今也没有被挖掘过，所谓乾陵出土文物都来自乾陵的陪葬墓，如永泰公主墓、懿德太子墓等。乾陵景区面积较大，除了乾陵外，还有多个陪葬墓，分别埋葬着多位皇亲（太子与公主们）和大臣，目前挖掘的主要有章怀太子墓，懿德太子墓和永泰公主墓。乾陵博物馆就是建在永泰公主墓的遗址上，博物馆中展出的文物以唐三彩、彩绘俑和壁画等为主，其中《宫女图》是壁画中的精品。懿德太子墓旁也有文物陈列室，但规模不大，章怀太子墓的墓道中有精美的壁画，但基本都是复制品，真品保藏在陕西历史博物馆内。博物馆和陈列室都无需另外付费。游览景区方式游览乾陵景区可以全程步行，景区还提供了观光车（车费不包含在景区门票内，30元/人），观光车来往于乾陵与其余的三个陪葬墓之间。游客在景区大门售票处可以购买观光车的车票，持车票的游客，在景区内的各观光车站台可以多次上下车。售票处靠近乾陵，三个陪葬墓位于售票的南部，从乾陵到懿德太子墓步行约15分钟，从懿德太子墓到永泰公主墓步行也需要约15分钟，游客可以根据自身情况决定是否乘坐观光车。六十一蕃臣像，很赞乾陵虽然没有被发掘，但也是有很多看点。在朱雀门外的神道东西两侧，分布着两组石人群像，整齐恭敬地排列于陵前。西侧32尊，东侧29尊，共61尊。这些石人残像的大小和真人差不多，但都是没有头的石像（都被敲掉了），人们习惯上把这些石像称之为“蕃像”，也称“六十一蕃臣像”。这些与真人大小相仿的石人，穿着打扮各不相同，但他们都双双并立，两手前拱，姿态极为谦恭。至于为什么六十一尊石像都没有“头”，至今没有个准确的说法。著名的无字碑无字碑，也是乾陵的另一个看点。在朱雀门外的司马道东侧，耸立着闻名于世的“武则天无字碑”。在整个乾陵陵园的石雕中，无字碑不仅位置醒目，而且雕刻艺术精湛，这块无字碑后，充满了种种富于传奇色彩的传说故事。无字碑上为何无字，民间出现了三种说法。第一种说法认为，武则天立无字碑是用以夸耀自己，表示功高德大非文字所能表达；第二种说法认为，武则天立无字碑是因为自知罪孽重大，感到还是不写碑文为好。第三种说法认为，武则天是一个有自知之明的人，立无字碑是聪明之举，功过是非让后人去评论。此外，你也可以漫步在朱雀门内宽阔笔直的神道上，神道两边是巨大的石人、石马和石鸵鸟等石像，看着远方高耸的山峰，山峰的内部就是埋葬着唐高宗和武则天的合葬墓。此时此刻，距离那个辉煌的年代已经千年，一种浓厚的历史沧桑感油然而生。,image/100o1f000001gp3s825D2_D_256_180.jpg
40,袁家村,0,袁家村位于陕西关中平原腹地，距村子一公里便是唐太宗昭陵，周边还有关中地区帝王诸陵中数量最多、保存最完整的石雕石刻群唐肃宗建陵石刻。袁家村主要分为两个区，一个是关中民俗，另一个则是农家乐，被称为“关中印象体验地”。走进古朴典雅的小巷，两边店铺林立，作坊鳞次栉比。仿古的油坊、豆腐坊、面坊、茶坊、醋坊等，应有尽有。踩着青石板，欣赏颇具关中风味的明清式建筑，看着布坊中的老人细心的织布，面坊中的工人认真的推着石磨，别有一番风味。,image/100s0p000000frvu77598_D_256_180.jpg
41,汉阳陵国家考古遗址公园,0,汉阳陵国家考古遗址公园位于西安市北部的咸阳市渭城区，是汉景帝刘启和皇后王氏同茔异穴的合葬陵园。汉景帝刘启（公元前188-141年）是西汉第四位皇帝。执政期间，他和亲匈奴，与民休息， 与其父汉文帝刘恒共同开创“文景之治”，为其子汉武帝刘彻开疆拓土奠定了雄厚的基础。汉阳陵目前开放的区域分为北区和南区，游客从位于北区的售票处购票入内。两区之间有观光车相连（车费包含在门票内），约20分钟一班，如果你步行往来，约需10分钟。进入景区后，首先看到的是一个高耸的封土堆，这就是汉景帝的陵墓，需要注意的是，景帝陵墓并没有被发掘（或许被盗过），在景区内参观的“地宫”（地下博物馆）并不是封土堆下的真正的地宫，而是周边的一些陪葬坑；在景区内看到的文物，也是从陪葬坑中发掘的。封土堆不对外开放，游客不能攀登。在陵园的北区设有地下博物馆（帝陵外藏坑遗址保护展示厅）和南阙门遗址保护展示厅，前者是参观的重点。地下博物馆使用玻璃幕墙和玻璃通道，将游客和文物完全分隔在两个不同的温湿度环境中。当你走入墓道进入博物馆后，会发现一个个陶俑和瓦罐就陈列在你的面前，你还可以低头向下望去，你的脚下是数以万计的文物，各种造型的陶俑，有士兵俑、歌舞俑、宫女俑、动物俑等，这些陶俑只有真人的1/3大小，还有当时的生活器皿、车撵马具等，加上四周的昏黄灯光，会产生一种不真实的穿越感。你在这里还能观看到滚动播放的“幻影成像”节目，节目中演绎了当年丰富多彩的宫廷生活，节目长约20分钟。距离地下博物馆不远处矗立着高大的“南阙门遗址”保护厅，这座保护厅内就是目前规模最大的“阙门遗址”，这里有两千多年前的柱础石，黄土墙上保留着当时的楼梯、砖瓦。而保护厅本身是一座仿汉式阙门建筑，展示了汉代帝王才可享用的“三出阙”高台的雄伟高大。陵园的南区有考古陈列馆和宗庙遗址等景点。陈列馆中主要陈列了从陪葬坑、墓中发掘出土的文物。你能看到青铜兵器，如矛、剑、箭等，钱币、陶制罐、铜镜等生活用品。除此之外，最吸引的是大量的陶俑，有骑兵、武士、侍从等，最有特色的是一部分女性骑兵俑，其中有些女兵五官比较独特，颧骨突出，眼角上翘，有人认为这是汉朝军队中的少数民族女士兵。陈列馆以西是宗庙遗址，也就是“德阳宫”遗址，规模很大，但没有地面建筑，只能看到整理过的挖掘现场。,image/100a1f000001grmclF7A6_D_256_180.jpg
42,西安钟楼,30,西安钟楼是国内规模较大，保存完整的一座钟楼，始建于明洪武十七年（公元1384年），钟楼处于西安的中心地带，是古城的地标之一，以它为中心辐射出东、南、西、北四条大街并分别与西安城墙东、南、西、北四门相接。西安的鼓楼，原先在西边的广济街上，随着城市中心东移，在明神宗万历十年（1582年），将钟楼迁徙到了鼓楼东边，今天的位置。钟楼呈典型明代建筑艺术风格，下部为砖石结构的正方形基座，顶部为三重四面攒尖顶结构，覆着深绿色琉璃瓦，顶尖用真金铂包裹。基座四面正中各有高约6米的门洞，门洞间互通，过去是东、南、西、北四条大街交会的通道，人流车辆从门洞通过，如今门洞已封闭，周围建有公路转盘，地下有专供人行的通道。进入钟楼的入口就在这地下通道内，有楼梯可盘旋登楼。钟楼内有一口仿制“景云钟”，原件铸于唐睿宗景云二年（公元711年），现在收藏在西安碑林博物馆里。站在钟楼上，能够看到从钟楼延伸出来的东、南、西、北四条大街，钟楼周边西安最繁华的商区、及不远处的鼓楼。游客在游玩钟楼时，还能欣赏到美妙的访古表演，每天日间6场，具体演出时间可详见官网。在钟楼和鼓楼之间为钟鼓楼广场，有音乐喷泉。,image/CggYGlaPTLmAO61tABWO0aRItW4893_D_256_180.jpg
43,西安鼓楼,30,西安鼓楼与钟楼相望，是古城的标志性建筑之一。鼓楼始建于明洪武十三年（1380年），登上鼓楼，能够看到一面高1.8米的大鼓，还有24面刻着24节气的红鼓，非常有气势。此鼓楼内还展览着明清家具、瓷器和齐白石的书画。西安鼓楼是全国最大的鼓楼，底部是高大的长方形台基，台基辟有高和宽均为6米的南北向门洞。台基上的楼分上、下二层，顶覆绿色琉璃瓦。鼓楼的南边有牌匾“文武盛地”；与山海关的“天下第一关”牌匾被誉为“中国两匾”。可惜在动乱的年代被毁，现在看到的是后来仿制的。游玩鼓楼时，还可以欣赏到访古的“晨钟暮鼓”的表演，此外还有传统民乐和舞蹈的演出，每天日间6场，具体演出情况可详见官网。在鼓楼和钟楼之间为钟鼓楼广场，绿草红花点缀其间，有造型独特的音乐喷泉，这里的夜景很美，适合拍照。鼓楼后边就是拥有众多美食的回民街。,image/100n10000000q46ml676B_D_256_180.jpg
44,大雁塔北广场音乐喷泉,0,大雁塔北广场音乐喷泉又叫西安音乐喷泉，位于大雁塔北广场中轴线上。音乐喷泉广场由水景喷泉、文化广场、园林景观、文化长廊和旅游商贸设施组成，是全国最重要的唐文化广场之一。广场上有数量庞大的雕塑、雕像，在欣赏音乐喷泉之余，细细的品味一下这些雕塑也是不错的选择。音乐喷泉共分为百米瀑布水池、八级跌水池及前端音乐水池三个区域，可分区独立表演或整体表演。其中八级迭水池中的八级变频方阵是世界最大的方阵，喷头点达1024个，可以变幻成排山倒海、莲花朵朵、云海茫茫、海鸥展翅、蝶恋花、水雾等多种水型，流光溢彩，美轮美奂。而60米宽、20余米高的大型激光水幕中4台喷泉从水里喷出，在6米高空充分燃烧低温爆开，更增加了整个喷泉的夺人气魄。,image/100j1f000001gpuabD343_D_256_180.jpg
45,紫云楼,0,紫云楼位于大唐芙蓉园中心位置，是大唐芙蓉园的主体建筑，也是中国规模最大的仿唐皇家建筑。历史上的紫云楼，据载建于唐开元十四年，玉楼金殿，嵯峨高耸，每逢曲江大会，唐玄宗必登临此楼，在欣赏歌舞，赐宴群臣，赏万民游曲江之盛况。现在的紫云楼是依据史料重建，分为四层主楼及南北广场。紫云楼北面的牌匾为著名书法家黄苗子所书。主楼高39米，采用重檐庑殿顶的建筑形式。每层的出檐都有雉尾的设计，采用三层金饰，使其更显辉煌。在二楼和三楼有挑出宽阔的平座，阙亭拱卫，馆桥飞渡，雄伟气势。紫云楼一层反映唐太宗李世民在位23年间贞观之治的盛况；二层是唐玄宗李隆基的开元盛世；三层为表演区；四层是大唐芙蓉园的镇园之宝——大唐博物馆。紫云楼的三楼每天都会定时表演世界非物质文化遗产——东仓鼓乐。东仓鼓乐是隋唐皇室宫廷音乐的延伸，被称为“音乐的活化石”。而四楼的大唐博物馆内展出了陕西省出土的周、秦、汉、唐四代文物精品。每晚在紫云楼前还可欣赏亚洲最大的水幕电影——齐天大圣。表演集音乐喷泉、激光、火焰为一体，堪称是“水与火的婚礼”，将为您打造一个全新的视听感受。另外还可欣赏到紫云楼南广场的舞狮表演，北广场的激光表演、音乐喷泉等。,image/100c1f000001gsy7s3314_D_256_180.jpg
46,临潼悦椿温泉,0,西安临潼悦椿温泉占地9，000平方米，建筑风格灵感源自唐朝，设施完备，坐拥独立的两层楼室内温泉中心和绿意盎然的宽敞户外温泉区。它拥有25个户外泡池以及一个户外家庭泡池，分为三大独特主题。天然温泉水与草本植物相辅相成，让宾客沉浸于至尚体验。另一个将要在西安首次亮相的独特设施是椿林。隐逸在一片宁静温暖的环境中，椿林是一款纯粹的水疗体验，融合了欧式水疗的精髓和亚式传统养生哲学中的水疗要义，以十四种各具特色的水疗与热疗设施体验，让宾客踏上活力健康之旅。,image/10030z000000nwjip594E_D_256_180.jpg
47,兵谏亭,120,兵谏亭位于骊山半山腰西绣岭虎斑石旁。为了纪念“西安事变”，1946年由胡宗南发起，黄埔军校七分校全体士官募捐修建了一座石亭，命名“正气亭”，新中国成立后改名“捉蒋亭”，20世纪80年代才改为“兵谏亭”。石亭高4米，宽2.5米，看似不起眼，却因和中国历史上重大的事件紧密联系而有了不一样的寓意。,image/100w0m000000dobtaD05B_D_256_180.jpg
48,大慈恩寺,40,大雁塔，位于市区南部大慈恩寺内。大慈恩寺是唐代长安城内最宏丽的皇家寺院，建于唐太宗时期，是太子李治为了追念母亲文德皇后而建，并由西行取经归来的玄奘法师担任“首任主持”。期间，法师督造了大雁塔。玄奘法师在大慈恩寺翻译佛经、弘扬佛法11年，并创立了佛教的“相唯识宗”，使大慈恩寺成为唯识宗（又称“法相宗”）祖庭。期间，为供奉从印度请回的经像和舍利，法师亲自督造修建了大雁塔。如今的大慈恩寺，是明代在原寺院“西塔院”的基础上修建而成的，现存的殿堂则多是清代建筑。寺院内中轴线上的主体建筑依次是大雄宝殿、法堂、大雁塔、玄奘三藏院。其中，大雁塔内和玄奘三藏院分别供奉的佛舍利和玄奘法师的顶骨，是大慈恩寺的“镇寺之宝”。寺院中轴线以东是塔园，园内的塔林，共有舍利塔九座，供奉着自清代以来本寺九位高僧的舍利子。大慈恩寺的南、北都有广场。周边还有陕西博物馆和大唐芙蓉园等景点。,image/100i1f000001gp3tfE7FE_D_256_180.jpg
49,仿唐歌舞表演,0,,image/0ww4o120006oyfg5hB3B1_D_256_180.jpg
50,唐大慈恩寺遗址公园,0,唐大慈恩寺遗址公园位于大雁塔南广场东北侧，坐落在唐代大慈恩寺遗址上，紧邻现在的大慈恩寺。这是一个佛教文化主题园林，园区无所不在地向市民传达了“禅悟”这种中国特有的宗教体验的氛围。整个园区内的造像、雕塑、植被都体现了禅意境界，有着精巧典雅的格调，也有着幽深高远的文化气息。公园隐逸文化与佛教文化结合，使得整个园林闹中取静，远离了城市的喧嚣，独有一股宁静之气。园内有高宗建寺、玄奘建塔、鉴真东渡、大佛像、牡丹园等景点。,image/10071f000001h6yf695B8_D_256_180.jpg
